id,jurisdiction_code,service_category,year,cpi_factor_to_2026,wage_floor_cad_per_hour,private_pay_low_cad_per_hour,private_pay_median_cad_per_hour,private_pay_high_cad_per_hour,agency_markup_typical,agency_billed_low_cad_per_hour,agency_billed_high_cad_per_hour,loaded_hourly_cost_private_hire_cad,employer_loading_factor,source_ids
1,AB,HCA,2019,0.815,23.96,23.96,29.95,35.94,1.4,33.54,50.32,35.34,1.18,statcan-14-10-0417-01;statcan-18-10-0004-01;cihi-hcrs-indicators;chca-high-value-home-care;ahs-continuing-care-at-home
2,AB,HCA,2020,0.831,24.43,24.43,30.54,36.65,1.4,34.2,51.31,36.04,1.18,statcan-14-10-0417-01;statcan-18-10-0004-01;cihi-hcrs-indicators;chca-high-value-home-care;ahs-continuing-care-at-home
3,AB,HCA,2021,0.857,25.2,25.2,31.49,37.79,1.4,35.28,52.91,37.16,1.18,statcan-14-10-0417-01;statcan-18-10-0004-01;cihi-hcrs-indicators;chca-high-value-home-care;ahs-continuing-care-at-home
4,AB,HCA,2022,0.919,27.02,27.02,33.77,40.53,1.4,37.83,56.74,39.85,1.18,statcan-14-10-0417-01;statcan-18-10-0004-01;cihi-hcrs-indicators;chca-high-value-home-care;ahs-continuing-care-at-home
5,AB,HCA,2023,0.964,28.34,28.34,35.43,42.51,1.4,39.68,59.51,41.81,1.18,statcan-14-10-0417-01;statcan-18-10-0004-01;cihi-hcrs-indicators;chca-high-value-home-care;ahs-continuing-care-at-home
6,AB,HCA,2024,0.992,29.16,29.16,36.46,43.75,1.4,40.82,61.25,43.02,1.18,statcan-14-10-0417-01;statcan-18-10-0004-01;cihi-hcrs-indicators;chca-high-value-home-care;ahs-continuing-care-at-home
7,AB,HCA,2025,0.996,29.28,29.28,36.6,43.92,1.4,40.99,61.49,43.19,1.18,statcan-14-10-0417-01;statcan-18-10-0004-01;cihi-hcrs-indicators;chca-high-value-home-care;ahs-continuing-care-at-home
8,AB,HCA,2026,1.0,29.4,29.4,36.75,44.1,1.4,41.16,61.74,43.36,1.18,statcan-14-10-0417-01;statcan-18-10-0004-01;cihi-hcrs-indicators;chca-high-value-home-care;ahs-continuing-care-at-home
9,AB,LPN_RPN,2019,0.815,32.52,32.52,42.79,53.06,1.4,45.53,74.28,50.49,1.18,statcan-14-10-0417-01;statcan-18-10-0004-01;cihi-hcrs-indicators;chca-high-value-home-care;ahs-continuing-care-at-home
10,AB,LPN_RPN,2020,0.831,33.16,33.16,43.63,54.1,1.4,46.42,75.74,51.48,1.18,statcan-14-10-0417-01;statcan-18-10-0004-01;cihi-hcrs-indicators;chca-high-value-home-care;ahs-continuing-care-at-home
11,AB,LPN_RPN,2021,0.857,34.19,34.19,44.99,55.79,1.4,47.87,78.11,53.09,1.18,statcan-14-10-0417-01;statcan-18-10-0004-01;cihi-hcrs-indicators;chca-high-value-home-care;ahs-continuing-care-at-home
12,AB,LPN_RPN,2022,0.919,36.67,36.67,48.25,59.83,1.4,51.34,83.76,56.93,1.18,statcan-14-10-0417-01;statcan-18-10-0004-01;cihi-hcrs-indicators;chca-high-value-home-care;ahs-continuing-care-at-home
13,AB,LPN_RPN,2023,0.964,38.46,38.46,50.61,62.76,1.4,53.84,87.86,59.72,1.18,statcan-14-10-0417-01;statcan-18-10-0004-01;cihi-hcrs-indicators;chca-high-value-home-care;ahs-continuing-care-at-home
14,AB,LPN_RPN,2024,0.992,39.58,39.58,52.08,64.58,1.4,55.41,90.41,61.45,1.18,statcan-14-10-0417-01;statcan-18-10-0004-01;cihi-hcrs-indicators;chca-high-value-home-care;ahs-continuing-care-at-home
15,AB,LPN_RPN,2025,0.996,39.74,39.74,52.29,64.84,1.4,55.64,90.78,61.7,1.18,statcan-14-10-0417-01;statcan-18-10-0004-01;cihi-hcrs-indicators;chca-high-value-home-care;ahs-continuing-care-at-home
16,AB,LPN_RPN,2026,1.0,39.9,39.9,52.5,65.1,1.4,55.86,91.14,61.95,1.18,statcan-14-10-0417-01;statcan-18-10-0004-01;cihi-hcrs-indicators;chca-high-value-home-care;ahs-continuing-care-at-home
17,AB,RN,2019,0.815,46.21,46.21,63.75,81.3,1.4,64.69,113.82,75.22,1.18,statcan-14-10-0417-01;statcan-18-10-0004-01;cihi-hcrs-indicators;chca-high-value-home-care;ahs-continuing-care-at-home
18,AB,RN,2020,0.831,47.12,47.12,65.0,82.89,1.4,65.97,116.05,76.7,1.18,statcan-14-10-0417-01;statcan-18-10-0004-01;cihi-hcrs-indicators;chca-high-value-home-care;ahs-continuing-care-at-home
19,AB,RN,2021,0.857,48.59,48.59,67.03,85.49,1.4,68.03,119.69,79.1,1.18,statcan-14-10-0417-01;statcan-18-10-0004-01;cihi-hcrs-indicators;chca-high-value-home-care;ahs-continuing-care-at-home
20,AB,RN,2022,0.919,52.11,52.11,71.88,91.67,1.4,72.95,128.34,84.82,1.18,statcan-14-10-0417-01;statcan-18-10-0004-01;cihi-hcrs-indicators;chca-high-value-home-care;ahs-continuing-care-at-home
21,AB,RN,2023,0.964,54.66,54.66,75.4,96.16,1.4,76.52,134.62,88.97,1.18,statcan-14-10-0417-01;statcan-18-10-0004-01;cihi-hcrs-indicators;chca-high-value-home-care;ahs-continuing-care-at-home
22,AB,RN,2024,0.992,56.25,56.25,77.59,98.95,1.4,78.75,138.53,91.56,1.18,statcan-14-10-0417-01;statcan-18-10-0004-01;cihi-hcrs-indicators;chca-high-value-home-care;ahs-continuing-care-at-home
23,AB,RN,2025,0.996,56.47,56.47,77.91,99.35,1.4,79.06,139.09,91.93,1.18,statcan-14-10-0417-01;statcan-18-10-0004-01;cihi-hcrs-indicators;chca-high-value-home-care;ahs-continuing-care-at-home
24,AB,RN,2026,1.0,56.7,56.7,78.22,99.75,1.4,79.38,139.65,92.3,1.18,statcan-14-10-0417-01;statcan-18-10-0004-01;cihi-hcrs-indicators;chca-high-value-home-care;ahs-continuing-care-at-home
25,AB,Housekeeper_Private,2019,0.815,18.83,18.83,24.82,30.81,1.4,26.36,43.13,29.29,1.18,statcan-14-10-0417-01;statcan-18-10-0004-01;ahs-continuing-care-at-home
26,AB,Housekeeper_Private,2020,0.831,19.2,19.2,25.3,31.41,1.4,26.88,43.97,29.85,1.18,statcan-14-10-0417-01;statcan-18-10-0004-01;ahs-continuing-care-at-home
27,AB,Housekeeper_Private,2021,0.857,19.8,19.8,26.1,32.39,1.4,27.72,45.35,30.8,1.18,statcan-14-10-0417-01;statcan-18-10-0004-01;ahs-continuing-care-at-home
28,AB,Housekeeper_Private,2022,0.919,21.23,21.23,27.98,34.74,1.4,29.72,48.64,33.02,1.18,statcan-14-10-0417-01;statcan-18-10-0004-01;ahs-continuing-care-at-home
29,AB,Housekeeper_Private,2023,0.964,22.27,22.27,29.35,36.44,1.4,31.18,51.02,34.63,1.18,statcan-14-10-0417-01;statcan-18-10-0004-01;ahs-continuing-care-at-home
30,AB,Housekeeper_Private,2024,0.992,22.92,22.92,30.21,37.5,1.4,32.09,52.5,35.65,1.18,statcan-14-10-0417-01;statcan-18-10-0004-01;ahs-continuing-care-at-home
31,AB,Housekeeper_Private,2025,0.996,23.01,23.01,30.33,37.65,1.4,32.21,52.71,35.79,1.18,statcan-14-10-0417-01;statcan-18-10-0004-01;ahs-continuing-care-at-home
32,AB,Housekeeper_Private,2026,1.0,23.1,23.1,30.45,37.8,1.4,32.34,52.92,35.93,1.18,statcan-14-10-0417-01;statcan-18-10-0004-01;ahs-continuing-care-at-home
33,AB,Cleaning_Service_Agency,2019,0.815,32.52,32.52,44.08,55.62,1.4,45.53,77.87,52.01,1.18,statcan-14-10-0417-01;statcan-18-10-0004-01;ahs-continuing-care-at-home
34,AB,Cleaning_Service_Agency,2020,0.831,33.16,33.16,44.94,56.72,1.4,46.42,79.41,53.03,1.18,statcan-14-10-0417-01;statcan-18-10-0004-01;ahs-continuing-care-at-home
35,AB,Cleaning_Service_Agency,2021,0.857,34.19,34.19,46.35,58.49,1.4,47.87,81.89,54.69,1.18,statcan-14-10-0417-01;statcan-18-10-0004-01;ahs-continuing-care-at-home
36,AB,Cleaning_Service_Agency,2022,0.919,36.67,36.67,49.7,62.72,1.4,51.34,87.81,58.65,1.18,statcan-14-10-0417-01;statcan-18-10-0004-01;ahs-continuing-care-at-home
37,AB,Cleaning_Service_Agency,2023,0.964,38.46,38.46,52.13,65.79,1.4,53.84,92.11,61.51,1.18,statcan-14-10-0417-01;statcan-18-10-0004-01;ahs-continuing-care-at-home
38,AB,Cleaning_Service_Agency,2024,0.992,39.58,39.58,53.65,67.7,1.4,55.41,94.78,63.31,1.18,statcan-14-10-0417-01;statcan-18-10-0004-01;ahs-continuing-care-at-home
39,AB,Cleaning_Service_Agency,2025,0.996,39.74,39.74,53.86,67.98,1.4,55.64,95.17,63.55,1.18,statcan-14-10-0417-01;statcan-18-10-0004-01;ahs-continuing-care-at-home
40,AB,Cleaning_Service_Agency,2026,1.0,39.9,39.9,54.08,68.25,1.4,55.86,95.55,63.81,1.18,statcan-14-10-0417-01;statcan-18-10-0004-01;ahs-continuing-care-at-home
41,BC,HCA,2019,0.815,24.65,24.65,30.81,36.97,1.42,35.0,52.5,36.36,1.18,statcan-14-10-0417-01;statcan-18-10-0004-01;cihi-hcrs-indicators;chca-high-value-home-care;gov-bc-home-community-care
42,BC,HCA,2020,0.831,25.13,25.13,31.41,37.69,1.42,35.68,53.52,37.06,1.18,statcan-14-10-0417-01;statcan-18-10-0004-01;cihi-hcrs-indicators;chca-high-value-home-care;gov-bc-home-community-care
43,BC,HCA,2021,0.857,25.92,25.92,32.39,38.87,1.42,36.81,55.2,38.22,1.18,statcan-14-10-0417-01;statcan-18-10-0004-01;cihi-hcrs-indicators;chca-high-value-home-care;gov-bc-home-community-care
44,BC,HCA,2022,0.919,27.79,27.79,34.74,41.69,1.42,39.46,59.2,40.99,1.18,statcan-14-10-0417-01;statcan-18-10-0004-01;cihi-hcrs-indicators;chca-high-value-home-care;gov-bc-home-community-care
45,BC,HCA,2023,0.964,29.15,29.15,36.44,43.73,1.42,41.39,62.1,43.0,1.18,statcan-14-10-0417-01;statcan-18-10-0004-01;cihi-hcrs-indicators;chca-high-value-home-care;gov-bc-home-community-care
46,BC,HCA,2024,0.992,30.0,30.0,37.5,45.0,1.42,42.6,63.9,44.25,1.18,statcan-14-10-0417-01;statcan-18-10-0004-01;cihi-hcrs-indicators;chca-high-value-home-care;gov-bc-home-community-care
47,BC,HCA,2025,0.996,30.12,30.12,37.65,45.18,1.42,42.77,64.16,44.43,1.18,statcan-14-10-0417-01;statcan-18-10-0004-01;cihi-hcrs-indicators;chca-high-value-home-care;gov-bc-home-community-care
48,BC,HCA,2026,1.0,30.24,30.24,37.8,45.36,1.42,42.94,64.41,44.6,1.18,statcan-14-10-0417-01;statcan-18-10-0004-01;cihi-hcrs-indicators;chca-high-value-home-care;gov-bc-home-community-care
49,BC,LPN_RPN,2019,0.815,33.45,33.45,44.01,54.57,1.42,47.5,77.49,51.93,1.18,statcan-14-10-0417-01;statcan-18-10-0004-01;cihi-hcrs-indicators;chca-high-value-home-care;gov-bc-home-community-care
50,BC,LPN_RPN,2020,0.831,34.1,34.1,44.87,55.64,1.42,48.42,79.01,52.95,1.18,statcan-14-10-0417-01;statcan-18-10-0004-01;cihi-hcrs-indicators;chca-high-value-home-care;gov-bc-home-community-care
51,BC,LPN_RPN,2021,0.857,35.17,35.17,46.28,57.38,1.42,49.94,81.48,54.61,1.18,statcan-14-10-0417-01;statcan-18-10-0004-01;cihi-hcrs-indicators;chca-high-value-home-care;gov-bc-home-community-care
52,BC,LPN_RPN,2022,0.919,37.72,37.72,49.63,61.54,1.42,53.56,87.39,58.56,1.18,statcan-14-10-0417-01;statcan-18-10-0004-01;cihi-hcrs-indicators;chca-high-value-home-care;gov-bc-home-community-care
53,BC,LPN_RPN,2023,0.964,39.56,39.56,52.06,64.55,1.42,56.18,91.66,61.43,1.18,statcan-14-10-0417-01;statcan-18-10-0004-01;cihi-hcrs-indicators;chca-high-value-home-care;gov-bc-home-community-care
54,BC,LPN_RPN,2024,0.992,40.71,40.71,53.57,66.42,1.42,57.81,94.32,63.21,1.18,statcan-14-10-0417-01;statcan-18-10-0004-01;cihi-hcrs-indicators;chca-high-value-home-care;gov-bc-home-community-care
55,BC,LPN_RPN,2025,0.996,40.88,40.88,53.78,66.69,1.42,58.05,94.7,63.46,1.18,statcan-14-10-0417-01;statcan-18-10-0004-01;cihi-hcrs-indicators;chca-high-value-home-care;gov-bc-home-community-care
56,BC,LPN_RPN,2026,1.0,41.04,41.04,54.0,66.96,1.42,58.28,95.08,63.72,1.18,statcan-14-10-0417-01;statcan-18-10-0004-01;cihi-hcrs-indicators;chca-high-value-home-care;gov-bc-home-community-care
57,BC,RN,2019,0.815,47.53,47.53,65.57,83.62,1.42,67.49,118.74,77.37,1.18,statcan-14-10-0417-01;statcan-18-10-0004-01;cihi-hcrs-indicators;chca-high-value-home-care;gov-bc-home-community-care
58,BC,RN,2020,0.831,48.46,48.46,66.86,85.26,1.42,68.81,121.07,78.89,1.18,statcan-14-10-0417-01;statcan-18-10-0004-01;cihi-hcrs-indicators;chca-high-value-home-care;gov-bc-home-community-care
59,BC,RN,2021,0.857,49.98,49.98,68.95,87.93,1.42,70.97,124.86,81.36,1.18,statcan-14-10-0417-01;statcan-18-10-0004-01;cihi-hcrs-indicators;chca-high-value-home-care;gov-bc-home-community-care
60,BC,RN,2022,0.919,53.6,53.6,73.94,94.29,1.42,76.11,133.89,87.25,1.18,statcan-14-10-0417-01;statcan-18-10-0004-01;cihi-hcrs-indicators;chca-high-value-home-care;gov-bc-home-community-care
61,BC,RN,2023,0.964,56.22,56.22,77.56,98.91,1.42,79.83,140.45,91.52,1.18,statcan-14-10-0417-01;statcan-18-10-0004-01;cihi-hcrs-indicators;chca-high-value-home-care;gov-bc-home-community-care
62,BC,RN,2024,0.992,57.85,57.85,79.82,101.78,1.42,82.15,144.53,94.19,1.18,statcan-14-10-0417-01;statcan-18-10-0004-01;cihi-hcrs-indicators;chca-high-value-home-care;gov-bc-home-community-care
63,BC,RN,2025,0.996,58.09,58.09,80.14,102.19,1.42,82.49,145.11,94.57,1.18,statcan-14-10-0417-01;statcan-18-10-0004-01;cihi-hcrs-indicators;chca-high-value-home-care;gov-bc-home-community-care
64,BC,RN,2026,1.0,58.32,58.32,80.46,102.6,1.42,82.81,145.69,94.94,1.18,statcan-14-10-0417-01;statcan-18-10-0004-01;cihi-hcrs-indicators;chca-high-value-home-care;gov-bc-home-community-care
65,BC,Housekeeper_Private,2019,0.815,19.36,19.36,25.53,31.69,1.42,27.49,45.0,30.13,1.18,statcan-14-10-0417-01;statcan-18-10-0004-01;gov-bc-home-community-care
66,BC,Housekeeper_Private,2020,0.831,19.74,19.74,26.03,32.31,1.42,28.03,45.88,30.72,1.18,statcan-14-10-0417-01;statcan-18-10-0004-01;gov-bc-home-community-care
67,BC,Housekeeper_Private,2021,0.857,20.36,20.36,26.84,33.32,1.42,28.91,47.31,31.67,1.18,statcan-14-10-0417-01;statcan-18-10-0004-01;gov-bc-home-community-care
68,BC,Housekeeper_Private,2022,0.919,21.84,21.84,28.78,35.73,1.42,31.01,50.74,33.96,1.18,statcan-14-10-0417-01;statcan-18-10-0004-01;gov-bc-home-community-care
69,BC,Housekeeper_Private,2023,0.964,22.9,22.9,30.19,37.48,1.42,32.52,53.22,35.62,1.18,statcan-14-10-0417-01;statcan-18-10-0004-01;gov-bc-home-community-care
70,BC,Housekeeper_Private,2024,0.992,23.57,23.57,31.07,38.57,1.42,33.47,54.77,36.66,1.18,statcan-14-10-0417-01;statcan-18-10-0004-01;gov-bc-home-community-care
71,BC,Housekeeper_Private,2025,0.996,23.66,23.66,31.19,38.72,1.42,33.6,54.98,36.8,1.18,statcan-14-10-0417-01;statcan-18-10-0004-01;gov-bc-home-community-care
72,BC,Housekeeper_Private,2026,1.0,23.76,23.76,31.32,38.88,1.42,33.74,55.21,36.96,1.18,statcan-14-10-0417-01;statcan-18-10-0004-01;gov-bc-home-community-care
73,BC,Cleaning_Service_Agency,2019,0.815,33.45,33.45,45.33,57.21,1.42,47.5,81.24,53.49,1.18,statcan-14-10-0417-01;statcan-18-10-0004-01;gov-bc-home-community-care
74,BC,Cleaning_Service_Agency,2020,0.831,34.1,34.1,46.22,58.34,1.42,48.42,82.84,54.54,1.18,statcan-14-10-0417-01;statcan-18-10-0004-01;gov-bc-home-community-care
75,BC,Cleaning_Service_Agency,2021,0.857,35.17,35.17,47.67,60.16,1.42,49.94,85.43,56.25,1.18,statcan-14-10-0417-01;statcan-18-10-0004-01;gov-bc-home-community-care
76,BC,Cleaning_Service_Agency,2022,0.919,37.72,37.72,51.11,64.51,1.42,53.56,91.6,60.31,1.18,statcan-14-10-0417-01;statcan-18-10-0004-01;gov-bc-home-community-care
77,BC,Cleaning_Service_Agency,2023,0.964,39.56,39.56,53.62,67.67,1.42,56.18,96.09,63.27,1.18,statcan-14-10-0417-01;statcan-18-10-0004-01;gov-bc-home-community-care
78,BC,Cleaning_Service_Agency,2024,0.992,40.71,40.71,55.18,69.64,1.42,57.81,98.89,65.11,1.18,statcan-14-10-0417-01;statcan-18-10-0004-01;gov-bc-home-community-care
79,BC,Cleaning_Service_Agency,2025,0.996,40.88,40.88,55.4,69.92,1.42,58.05,99.29,65.37,1.18,statcan-14-10-0417-01;statcan-18-10-0004-01;gov-bc-home-community-care
80,BC,Cleaning_Service_Agency,2026,1.0,41.04,41.04,55.62,70.2,1.42,58.28,99.68,65.63,1.18,statcan-14-10-0417-01;statcan-18-10-0004-01;gov-bc-home-community-care
81,MB,HCA,2019,0.815,20.54,20.54,25.67,30.81,1.32,27.11,40.67,30.29,1.18,statcan-14-10-0417-01;statcan-18-10-0004-01;cihi-hcrs-indicators;chca-high-value-home-care;gov-mb-home-care
82,MB,HCA,2020,0.831,20.94,20.94,26.18,31.41,1.32,27.64,41.46,30.89,1.18,statcan-14-10-0417-01;statcan-18-10-0004-01;cihi-hcrs-indicators;chca-high-value-home-care;gov-mb-home-care
83,MB,HCA,2021,0.857,21.6,21.6,27.0,32.39,1.32,28.51,42.75,31.86,1.18,statcan-14-10-0417-01;statcan-18-10-0004-01;cihi-hcrs-indicators;chca-high-value-home-care;gov-mb-home-care
84,MB,HCA,2022,0.919,23.16,23.16,28.95,34.74,1.32,30.57,45.86,34.16,1.18,statcan-14-10-0417-01;statcan-18-10-0004-01;cihi-hcrs-indicators;chca-high-value-home-care;gov-mb-home-care
85,MB,HCA,2023,0.964,24.29,24.29,30.37,36.44,1.32,32.06,48.1,35.84,1.18,statcan-14-10-0417-01;statcan-18-10-0004-01;cihi-hcrs-indicators;chca-high-value-home-care;gov-mb-home-care
86,MB,HCA,2024,0.992,25.0,25.0,31.25,37.5,1.32,33.0,49.5,36.88,1.18,statcan-14-10-0417-01;statcan-18-10-0004-01;cihi-hcrs-indicators;chca-high-value-home-care;gov-mb-home-care
87,MB,HCA,2025,0.996,25.1,25.1,31.37,37.65,1.32,33.13,49.7,37.02,1.18,statcan-14-10-0417-01;statcan-18-10-0004-01;cihi-hcrs-indicators;chca-high-value-home-care;gov-mb-home-care
88,MB,HCA,2026,1.0,25.2,25.2,31.5,37.8,1.32,33.26,49.9,37.17,1.18,statcan-14-10-0417-01;statcan-18-10-0004-01;cihi-hcrs-indicators;chca-high-value-home-care;gov-mb-home-care
89,MB,LPN_RPN,2019,0.815,27.87,27.87,36.67,45.48,1.32,36.79,60.03,43.27,1.18,statcan-14-10-0417-01;statcan-18-10-0004-01;cihi-hcrs-indicators;chca-high-value-home-care;gov-mb-home-care
90,MB,LPN_RPN,2020,0.831,28.42,28.42,37.39,46.37,1.32,37.51,61.21,44.12,1.18,statcan-14-10-0417-01;statcan-18-10-0004-01;cihi-hcrs-indicators;chca-high-value-home-care;gov-mb-home-care
91,MB,LPN_RPN,2021,0.857,29.31,29.31,38.56,47.82,1.32,38.69,63.12,45.5,1.18,statcan-14-10-0417-01;statcan-18-10-0004-01;cihi-hcrs-indicators;chca-high-value-home-care;gov-mb-home-care
92,MB,LPN_RPN,2022,0.919,31.43,31.43,41.36,51.28,1.32,41.49,67.69,48.8,1.18,statcan-14-10-0417-01;statcan-18-10-0004-01;cihi-hcrs-indicators;chca-high-value-home-care;gov-mb-home-care
93,MB,LPN_RPN,2023,0.964,32.97,32.97,43.38,53.79,1.32,43.52,71.0,51.19,1.18,statcan-14-10-0417-01;statcan-18-10-0004-01;cihi-hcrs-indicators;chca-high-value-home-care;gov-mb-home-care
94,MB,LPN_RPN,2024,0.992,33.93,33.93,44.64,55.35,1.32,44.79,73.06,52.68,1.18,statcan-14-10-0417-01;statcan-18-10-0004-01;cihi-hcrs-indicators;chca-high-value-home-care;gov-mb-home-care
95,MB,LPN_RPN,2025,0.996,34.06,34.06,44.82,55.58,1.32,44.96,73.37,52.89,1.18,statcan-14-10-0417-01;statcan-18-10-0004-01;cihi-hcrs-indicators;chca-high-value-home-care;gov-mb-home-care
96,MB,LPN_RPN,2026,1.0,34.2,34.2,45.0,55.8,1.32,45.14,73.66,53.1,1.18,statcan-14-10-0417-01;statcan-18-10-0004-01;cihi-hcrs-indicators;chca-high-value-home-care;gov-mb-home-care
97,MB,RN,2019,0.815,39.61,39.61,54.65,69.68,1.32,52.29,91.98,64.49,1.18,statcan-14-10-0417-01;statcan-18-10-0004-01;cihi-hcrs-indicators;chca-high-value-home-care;gov-mb-home-care
98,MB,RN,2020,0.831,40.39,40.39,55.72,71.05,1.32,53.31,93.79,65.75,1.18,statcan-14-10-0417-01;statcan-18-10-0004-01;cihi-hcrs-indicators;chca-high-value-home-care;gov-mb-home-care
99,MB,RN,2021,0.857,41.65,41.65,57.46,73.27,1.32,54.98,96.72,67.8,1.18,statcan-14-10-0417-01;statcan-18-10-0004-01;cihi-hcrs-indicators;chca-high-value-home-care;gov-mb-home-care
100,MB,RN,2022,0.919,44.66,44.66,61.62,78.57,1.32,58.95,103.71,72.71,1.18,statcan-14-10-0417-01;statcan-18-10-0004-01;cihi-hcrs-indicators;chca-high-value-home-care;gov-mb-home-care
101,MB,RN,2023,0.964,46.85,46.85,64.64,82.42,1.32,61.84,108.79,76.28,1.18,statcan-14-10-0417-01;statcan-18-10-0004-01;cihi-hcrs-indicators;chca-high-value-home-care;gov-mb-home-care
102,MB,RN,2024,0.992,48.21,48.21,66.51,84.82,1.32,63.64,111.96,78.48,1.18,statcan-14-10-0417-01;statcan-18-10-0004-01;cihi-hcrs-indicators;chca-high-value-home-care;gov-mb-home-care
103,MB,RN,2025,0.996,48.41,48.41,66.78,85.16,1.32,63.9,112.41,78.8,1.18,statcan-14-10-0417-01;statcan-18-10-0004-01;cihi-hcrs-indicators;chca-high-value-home-care;gov-mb-home-care
104,MB,RN,2026,1.0,48.6,48.6,67.05,85.5,1.32,64.15,112.86,79.12,1.18,statcan-14-10-0417-01;statcan-18-10-0004-01;cihi-hcrs-indicators;chca-high-value-home-care;gov-mb-home-care
105,MB,Housekeeper_Private,2019,0.815,16.14,16.14,21.27,26.41,1.32,21.3,34.86,25.1,1.18,statcan-14-10-0417-01;statcan-18-10-0004-01;gov-mb-home-care
106,MB,Housekeeper_Private,2020,0.831,16.45,16.45,21.69,26.92,1.32,21.71,35.53,25.59,1.18,statcan-14-10-0417-01;statcan-18-10-0004-01;gov-mb-home-care
107,MB,Housekeeper_Private,2021,0.857,16.97,16.97,22.37,27.77,1.32,22.4,36.66,26.4,1.18,statcan-14-10-0417-01;statcan-18-10-0004-01;gov-mb-home-care
108,MB,Housekeeper_Private,2022,0.919,18.2,18.2,23.99,29.78,1.32,24.02,39.31,28.31,1.18,statcan-14-10-0417-01;statcan-18-10-0004-01;gov-mb-home-care
109,MB,Housekeeper_Private,2023,0.964,19.09,19.09,25.16,31.23,1.32,25.2,41.22,29.69,1.18,statcan-14-10-0417-01;statcan-18-10-0004-01;gov-mb-home-care
110,MB,Housekeeper_Private,2024,0.992,19.64,19.64,25.89,32.14,1.32,25.92,42.42,30.55,1.18,statcan-14-10-0417-01;statcan-18-10-0004-01;gov-mb-home-care
111,MB,Housekeeper_Private,2025,0.996,19.72,19.72,26.0,32.27,1.32,26.03,42.6,30.68,1.18,statcan-14-10-0417-01;statcan-18-10-0004-01;gov-mb-home-care
112,MB,Housekeeper_Private,2026,1.0,19.8,19.8,26.1,32.4,1.32,26.14,42.77,30.8,1.18,statcan-14-10-0417-01;statcan-18-10-0004-01;gov-mb-home-care
113,MB,Cleaning_Service_Agency,2019,0.815,27.87,27.87,37.78,47.68,1.32,36.79,62.94,44.58,1.18,statcan-14-10-0417-01;statcan-18-10-0004-01;gov-mb-home-care
114,MB,Cleaning_Service_Agency,2020,0.831,28.42,28.42,38.52,48.61,1.32,37.51,64.17,45.45,1.18,statcan-14-10-0417-01;statcan-18-10-0004-01;gov-mb-home-care
115,MB,Cleaning_Service_Agency,2021,0.857,29.31,29.31,39.72,50.13,1.32,38.69,66.17,46.87,1.18,statcan-14-10-0417-01;statcan-18-10-0004-01;gov-mb-home-care
116,MB,Cleaning_Service_Agency,2022,0.919,31.43,31.43,42.6,53.76,1.32,41.49,70.96,50.27,1.18,statcan-14-10-0417-01;statcan-18-10-0004-01;gov-mb-home-care
117,MB,Cleaning_Service_Agency,2023,0.964,32.97,32.97,44.68,56.39,1.32,43.52,74.43,52.72,1.18,statcan-14-10-0417-01;statcan-18-10-0004-01;gov-mb-home-care
118,MB,Cleaning_Service_Agency,2024,0.992,33.93,33.93,45.98,58.03,1.32,44.79,76.6,54.26,1.18,statcan-14-10-0417-01;statcan-18-10-0004-01;gov-mb-home-care
119,MB,Cleaning_Service_Agency,2025,0.996,34.06,34.06,46.16,58.27,1.32,44.96,76.92,54.47,1.18,statcan-14-10-0417-01;statcan-18-10-0004-01;gov-mb-home-care
120,MB,Cleaning_Service_Agency,2026,1.0,34.2,34.2,46.35,58.5,1.32,45.14,77.22,54.69,1.18,statcan-14-10-0417-01;statcan-18-10-0004-01;gov-mb-home-care
121,NB,HSW,2019,0.815,18.22,18.22,23.13,28.04,1.28,23.32,35.89,27.29,1.18,statcan-14-10-0417-01;statcan-18-10-0004-01;cihi-hcrs-indicators;chca-high-value-home-care;gnb-extra-mural-program
122,NB,HSW,2020,0.831,18.58,18.58,23.58,28.59,1.28,23.78,36.6,27.82,1.18,statcan-14-10-0417-01;statcan-18-10-0004-01;cihi-hcrs-indicators;chca-high-value-home-care;gnb-extra-mural-program
123,NB,HSW,2021,0.857,19.16,19.16,24.32,29.48,1.28,24.52,37.73,28.7,1.18,statcan-14-10-0417-01;statcan-18-10-0004-01;cihi-hcrs-indicators;chca-high-value-home-care;gnb-extra-mural-program
124,NB,HSW,2022,0.919,20.55,20.55,26.08,31.61,1.28,26.3,40.46,30.77,1.18,statcan-14-10-0417-01;statcan-18-10-0004-01;cihi-hcrs-indicators;chca-high-value-home-care;gnb-extra-mural-program
125,NB,HSW,2023,0.964,21.56,21.56,27.36,33.16,1.28,27.6,42.44,32.28,1.18,statcan-14-10-0417-01;statcan-18-10-0004-01;cihi-hcrs-indicators;chca-high-value-home-care;gnb-extra-mural-program
126,NB,HSW,2024,0.992,22.18,22.18,28.15,34.12,1.28,28.39,43.67,33.22,1.18,statcan-14-10-0417-01;statcan-18-10-0004-01;cihi-hcrs-indicators;chca-high-value-home-care;gnb-extra-mural-program
127,NB,HSW,2025,0.996,22.27,22.27,28.27,34.26,1.28,28.51,43.85,33.36,1.18,statcan-14-10-0417-01;statcan-18-10-0004-01;cihi-hcrs-indicators;chca-high-value-home-care;gnb-extra-mural-program
128,NB,HSW,2026,1.0,22.36,22.36,28.38,34.4,1.28,28.62,44.03,33.49,1.18,statcan-14-10-0417-01;statcan-18-10-0004-01;cihi-hcrs-indicators;chca-high-value-home-care;gnb-extra-mural-program
129,NB,LPN_RPN,2019,0.815,26.63,26.63,35.04,43.46,1.28,34.09,55.63,41.35,1.18,statcan-14-10-0417-01;statcan-18-10-0004-01;cihi-hcrs-indicators;chca-high-value-home-care;gnb-extra-mural-program
130,NB,LPN_RPN,2020,0.831,27.16,27.16,35.73,44.31,1.28,34.76,56.72,42.16,1.18,statcan-14-10-0417-01;statcan-18-10-0004-01;cihi-hcrs-indicators;chca-high-value-home-care;gnb-extra-mural-program
131,NB,LPN_RPN,2021,0.857,28.01,28.01,36.85,45.7,1.28,35.85,58.5,43.48,1.18,statcan-14-10-0417-01;statcan-18-10-0004-01;cihi-hcrs-indicators;chca-high-value-home-care;gnb-extra-mural-program
132,NB,LPN_RPN,2022,0.919,30.03,30.03,39.52,49.0,1.28,38.44,62.72,46.63,1.18,statcan-14-10-0417-01;statcan-18-10-0004-01;cihi-hcrs-indicators;chca-high-value-home-care;gnb-extra-mural-program
133,NB,LPN_RPN,2023,0.964,31.5,31.5,41.45,51.4,1.28,40.32,65.79,48.91,1.18,statcan-14-10-0417-01;statcan-18-10-0004-01;cihi-hcrs-indicators;chca-high-value-home-care;gnb-extra-mural-program
134,NB,LPN_RPN,2024,0.992,32.42,32.42,42.66,52.89,1.28,41.5,67.7,50.34,1.18,statcan-14-10-0417-01;statcan-18-10-0004-01;cihi-hcrs-indicators;chca-high-value-home-care;gnb-extra-mural-program
135,NB,LPN_RPN,2025,0.996,32.55,32.55,42.83,53.11,1.28,41.66,67.98,50.54,1.18,statcan-14-10-0417-01;statcan-18-10-0004-01;cihi-hcrs-indicators;chca-high-value-home-care;gnb-extra-mural-program
136,NB,LPN_RPN,2026,1.0,32.68,32.68,43.0,53.32,1.28,41.83,68.25,50.74,1.18,statcan-14-10-0417-01;statcan-18-10-0004-01;cihi-hcrs-indicators;chca-high-value-home-care;gnb-extra-mural-program
137,NB,RN,2019,0.815,37.85,37.85,52.22,66.59,1.28,48.45,85.24,61.62,1.18,statcan-14-10-0417-01;statcan-18-10-0004-01;cihi-hcrs-indicators;chca-high-value-home-care;gnb-extra-mural-program
138,NB,RN,2020,0.831,38.59,38.59,53.24,67.89,1.28,49.4,86.9,62.82,1.18,statcan-14-10-0417-01;statcan-18-10-0004-01;cihi-hcrs-indicators;chca-high-value-home-care;gnb-extra-mural-program
139,NB,RN,2021,0.857,39.8,39.8,54.91,70.02,1.28,50.94,89.63,64.79,1.18,statcan-14-10-0417-01;statcan-18-10-0004-01;cihi-hcrs-indicators;chca-high-value-home-care;gnb-extra-mural-program
140,NB,RN,2022,0.919,42.68,42.68,58.88,75.08,1.28,54.63,96.1,69.48,1.18,statcan-14-10-0417-01;statcan-18-10-0004-01;cihi-hcrs-indicators;chca-high-value-home-care;gnb-extra-mural-program
141,NB,RN,2023,0.964,44.77,44.77,61.76,78.76,1.28,57.31,100.81,72.88,1.18,statcan-14-10-0417-01;statcan-18-10-0004-01;cihi-hcrs-indicators;chca-high-value-home-care;gnb-extra-mural-program
142,NB,RN,2024,0.992,46.07,46.07,63.56,81.05,1.28,58.97,103.74,75.0,1.18,statcan-14-10-0417-01;statcan-18-10-0004-01;cihi-hcrs-indicators;chca-high-value-home-care;gnb-extra-mural-program
143,NB,RN,2025,0.996,46.25,46.25,63.81,81.37,1.28,59.2,104.15,75.3,1.18,statcan-14-10-0417-01;statcan-18-10-0004-01;cihi-hcrs-indicators;chca-high-value-home-care;gnb-extra-mural-program
144,NB,RN,2026,1.0,46.44,46.44,64.07,81.7,1.28,59.44,104.58,75.6,1.18,statcan-14-10-0417-01;statcan-18-10-0004-01;cihi-hcrs-indicators;chca-high-value-home-care;gnb-extra-mural-program
145,NB,Housekeeper_Private,2019,0.815,15.42,15.42,20.33,25.23,1.28,19.74,32.29,23.99,1.18,statcan-14-10-0417-01;statcan-18-10-0004-01;gnb-extra-mural-program
146,NB,Housekeeper_Private,2020,0.831,15.72,15.72,20.73,25.73,1.28,20.12,32.93,24.46,1.18,statcan-14-10-0417-01;statcan-18-10-0004-01;gnb-extra-mural-program
147,NB,Housekeeper_Private,2021,0.857,16.21,16.21,21.37,26.53,1.28,20.75,33.96,25.22,1.18,statcan-14-10-0417-01;statcan-18-10-0004-01;gnb-extra-mural-program
148,NB,Housekeeper_Private,2022,0.919,17.39,17.39,22.92,28.45,1.28,22.26,36.42,27.05,1.18,statcan-14-10-0417-01;statcan-18-10-0004-01;gnb-extra-mural-program
149,NB,Housekeeper_Private,2023,0.964,18.24,18.24,24.04,29.85,1.28,23.35,38.21,28.37,1.18,statcan-14-10-0417-01;statcan-18-10-0004-01;gnb-extra-mural-program
150,NB,Housekeeper_Private,2024,0.992,18.77,18.77,24.74,30.71,1.28,24.03,39.31,29.19,1.18,statcan-14-10-0417-01;statcan-18-10-0004-01;gnb-extra-mural-program
151,NB,Housekeeper_Private,2025,0.996,18.84,18.84,24.84,30.84,1.28,24.12,39.48,29.31,1.18,statcan-14-10-0417-01;statcan-18-10-0004-01;gnb-extra-mural-program
152,NB,Housekeeper_Private,2026,1.0,18.92,18.92,24.94,30.96,1.28,24.22,39.63,29.43,1.18,statcan-14-10-0417-01;statcan-18-10-0004-01;gnb-extra-mural-program
153,NB,Cleaning_Service_Agency,2019,0.815,26.63,26.63,36.1,45.56,1.28,34.09,58.32,42.6,1.18,statcan-14-10-0417-01;statcan-18-10-0004-01;gnb-extra-mural-program
154,NB,Cleaning_Service_Agency,2020,0.831,27.16,27.16,36.8,46.45,1.28,34.76,59.46,43.42,1.18,statcan-14-10-0417-01;statcan-18-10-0004-01;gnb-extra-mural-program
155,NB,Cleaning_Service_Agency,2021,0.857,28.01,28.01,37.96,47.91,1.28,35.85,61.32,44.79,1.18,statcan-14-10-0417-01;statcan-18-10-0004-01;gnb-extra-mural-program
156,NB,Cleaning_Service_Agency,2022,0.919,30.03,30.03,40.7,51.37,1.28,38.44,65.75,48.03,1.18,statcan-14-10-0417-01;statcan-18-10-0004-01;gnb-extra-mural-program
157,NB,Cleaning_Service_Agency,2023,0.964,31.5,31.5,42.7,53.89,1.28,40.32,68.98,50.39,1.18,statcan-14-10-0417-01;statcan-18-10-0004-01;gnb-extra-mural-program
158,NB,Cleaning_Service_Agency,2024,0.992,32.42,32.42,43.94,55.45,1.28,41.5,70.98,51.85,1.18,statcan-14-10-0417-01;statcan-18-10-0004-01;gnb-extra-mural-program
159,NB,Cleaning_Service_Agency,2025,0.996,32.55,32.55,44.11,55.68,1.28,41.66,71.27,52.05,1.18,statcan-14-10-0417-01;statcan-18-10-0004-01;gnb-extra-mural-program
160,NB,Cleaning_Service_Agency,2026,1.0,32.68,32.68,44.29,55.9,1.28,41.83,71.55,52.26,1.18,statcan-14-10-0417-01;statcan-18-10-0004-01;gnb-extra-mural-program
161,NL,HSW,2019,0.815,19.07,19.07,24.21,29.34,1.3,24.79,38.14,28.57,1.18,statcan-14-10-0417-01;statcan-18-10-0004-01;cihi-hcrs-indicators;chca-high-value-home-care;nlh-home-care
162,NL,HSW,2020,0.831,19.45,19.45,24.68,29.92,1.3,25.29,38.9,29.12,1.18,statcan-14-10-0417-01;statcan-18-10-0004-01;cihi-hcrs-indicators;chca-high-value-home-care;nlh-home-care
163,NL,HSW,2021,0.857,20.05,20.05,25.45,30.85,1.3,26.07,40.11,30.03,1.18,statcan-14-10-0417-01;statcan-18-10-0004-01;cihi-hcrs-indicators;chca-high-value-home-care;nlh-home-care
164,NL,HSW,2022,0.919,21.5,21.5,27.29,33.08,1.3,27.95,43.0,32.2,1.18,statcan-14-10-0417-01;statcan-18-10-0004-01;cihi-hcrs-indicators;chca-high-value-home-care;nlh-home-care
165,NL,HSW,2023,0.964,22.56,22.56,28.63,34.7,1.3,29.33,45.11,33.78,1.18,statcan-14-10-0417-01;statcan-18-10-0004-01;cihi-hcrs-indicators;chca-high-value-home-care;nlh-home-care
166,NL,HSW,2024,0.992,23.21,23.21,29.46,35.71,1.3,30.17,46.42,34.76,1.18,statcan-14-10-0417-01;statcan-18-10-0004-01;cihi-hcrs-indicators;chca-high-value-home-care;nlh-home-care
167,NL,HSW,2025,0.996,23.31,23.31,29.58,35.86,1.3,30.3,46.62,34.9,1.18,statcan-14-10-0417-01;statcan-18-10-0004-01;cihi-hcrs-indicators;chca-high-value-home-care;nlh-home-care
168,NL,HSW,2026,1.0,23.4,23.4,29.7,36.0,1.3,30.42,46.8,35.05,1.18,statcan-14-10-0417-01;statcan-18-10-0004-01;cihi-hcrs-indicators;chca-high-value-home-care;nlh-home-care
169,NL,LPN_RPN,2019,0.815,27.87,27.87,36.67,45.48,1.3,36.23,59.12,43.27,1.18,statcan-14-10-0417-01;statcan-18-10-0004-01;cihi-hcrs-indicators;chca-high-value-home-care;nlh-home-care
170,NL,LPN_RPN,2020,0.831,28.42,28.42,37.39,46.37,1.3,36.95,60.28,44.12,1.18,statcan-14-10-0417-01;statcan-18-10-0004-01;cihi-hcrs-indicators;chca-high-value-home-care;nlh-home-care
171,NL,LPN_RPN,2021,0.857,29.31,29.31,38.56,47.82,1.3,38.1,62.17,45.5,1.18,statcan-14-10-0417-01;statcan-18-10-0004-01;cihi-hcrs-indicators;chca-high-value-home-care;nlh-home-care
172,NL,LPN_RPN,2022,0.919,31.43,31.43,41.36,51.28,1.3,40.86,66.66,48.8,1.18,statcan-14-10-0417-01;statcan-18-10-0004-01;cihi-hcrs-indicators;chca-high-value-home-care;nlh-home-care
173,NL,LPN_RPN,2023,0.964,32.97,32.97,43.38,53.79,1.3,42.86,69.93,51.19,1.18,statcan-14-10-0417-01;statcan-18-10-0004-01;cihi-hcrs-indicators;chca-high-value-home-care;nlh-home-care
174,NL,LPN_RPN,2024,0.992,33.93,33.93,44.64,55.35,1.3,44.11,71.95,52.68,1.18,statcan-14-10-0417-01;statcan-18-10-0004-01;cihi-hcrs-indicators;chca-high-value-home-care;nlh-home-care
175,NL,LPN_RPN,2025,0.996,34.06,34.06,44.82,55.58,1.3,44.28,72.25,52.89,1.18,statcan-14-10-0417-01;statcan-18-10-0004-01;cihi-hcrs-indicators;chca-high-value-home-care;nlh-home-care
176,NL,LPN_RPN,2026,1.0,34.2,34.2,45.0,55.8,1.3,44.46,72.54,53.1,1.18,statcan-14-10-0417-01;statcan-18-10-0004-01;cihi-hcrs-indicators;chca-high-value-home-care;nlh-home-care
177,NL,RN,2019,0.815,39.61,39.61,54.65,69.68,1.3,51.49,90.58,64.49,1.18,statcan-14-10-0417-01;statcan-18-10-0004-01;cihi-hcrs-indicators;chca-high-value-home-care;nlh-home-care
178,NL,RN,2020,0.831,40.39,40.39,55.72,71.05,1.3,52.51,92.36,65.75,1.18,statcan-14-10-0417-01;statcan-18-10-0004-01;cihi-hcrs-indicators;chca-high-value-home-care;nlh-home-care
179,NL,RN,2021,0.857,41.65,41.65,57.46,73.27,1.3,54.15,95.25,67.8,1.18,statcan-14-10-0417-01;statcan-18-10-0004-01;cihi-hcrs-indicators;chca-high-value-home-care;nlh-home-care
180,NL,RN,2022,0.919,44.66,44.66,61.62,78.57,1.3,58.06,102.14,72.71,1.18,statcan-14-10-0417-01;statcan-18-10-0004-01;cihi-hcrs-indicators;chca-high-value-home-care;nlh-home-care
181,NL,RN,2023,0.964,46.85,46.85,64.64,82.42,1.3,60.91,107.15,76.28,1.18,statcan-14-10-0417-01;statcan-18-10-0004-01;cihi-hcrs-indicators;chca-high-value-home-care;nlh-home-care
182,NL,RN,2024,0.992,48.21,48.21,66.51,84.82,1.3,62.67,110.27,78.48,1.18,statcan-14-10-0417-01;statcan-18-10-0004-01;cihi-hcrs-indicators;chca-high-value-home-care;nlh-home-care
183,NL,RN,2025,0.996,48.41,48.41,66.78,85.16,1.3,62.93,110.71,78.8,1.18,statcan-14-10-0417-01;statcan-18-10-0004-01;cihi-hcrs-indicators;chca-high-value-home-care;nlh-home-care
184,NL,RN,2026,1.0,48.6,48.6,67.05,85.5,1.3,63.18,111.15,79.12,1.18,statcan-14-10-0417-01;statcan-18-10-0004-01;cihi-hcrs-indicators;chca-high-value-home-care;nlh-home-care
185,NL,Housekeeper_Private,2019,0.815,16.14,16.14,21.27,26.41,1.3,20.98,34.33,25.1,1.18,statcan-14-10-0417-01;statcan-18-10-0004-01;nlh-home-care
186,NL,Housekeeper_Private,2020,0.831,16.45,16.45,21.69,26.92,1.3,21.39,35.0,25.59,1.18,statcan-14-10-0417-01;statcan-18-10-0004-01;nlh-home-care
187,NL,Housekeeper_Private,2021,0.857,16.97,16.97,22.37,27.77,1.3,22.06,36.1,26.4,1.18,statcan-14-10-0417-01;statcan-18-10-0004-01;nlh-home-care
188,NL,Housekeeper_Private,2022,0.919,18.2,18.2,23.99,29.78,1.3,23.66,38.71,28.31,1.18,statcan-14-10-0417-01;statcan-18-10-0004-01;nlh-home-care
189,NL,Housekeeper_Private,2023,0.964,19.09,19.09,25.16,31.23,1.3,24.82,40.6,29.69,1.18,statcan-14-10-0417-01;statcan-18-10-0004-01;nlh-home-care
190,NL,Housekeeper_Private,2024,0.992,19.64,19.64,25.89,32.14,1.3,25.53,41.78,30.55,1.18,statcan-14-10-0417-01;statcan-18-10-0004-01;nlh-home-care
191,NL,Housekeeper_Private,2025,0.996,19.72,19.72,26.0,32.27,1.3,25.64,41.95,30.68,1.18,statcan-14-10-0417-01;statcan-18-10-0004-01;nlh-home-care
192,NL,Housekeeper_Private,2026,1.0,19.8,19.8,26.1,32.4,1.3,25.74,42.12,30.8,1.18,statcan-14-10-0417-01;statcan-18-10-0004-01;nlh-home-care
193,NL,Cleaning_Service_Agency,2019,0.815,27.87,27.87,37.78,47.68,1.3,36.23,61.98,44.58,1.18,statcan-14-10-0417-01;statcan-18-10-0004-01;nlh-home-care
194,NL,Cleaning_Service_Agency,2020,0.831,28.42,28.42,38.52,48.61,1.3,36.95,63.19,45.45,1.18,statcan-14-10-0417-01;statcan-18-10-0004-01;nlh-home-care
195,NL,Cleaning_Service_Agency,2021,0.857,29.31,29.31,39.72,50.13,1.3,38.1,65.17,46.87,1.18,statcan-14-10-0417-01;statcan-18-10-0004-01;nlh-home-care
196,NL,Cleaning_Service_Agency,2022,0.919,31.43,31.43,42.6,53.76,1.3,40.86,69.89,50.27,1.18,statcan-14-10-0417-01;statcan-18-10-0004-01;nlh-home-care
197,NL,Cleaning_Service_Agency,2023,0.964,32.97,32.97,44.68,56.39,1.3,42.86,73.31,52.72,1.18,statcan-14-10-0417-01;statcan-18-10-0004-01;nlh-home-care
198,NL,Cleaning_Service_Agency,2024,0.992,33.93,33.93,45.98,58.03,1.3,44.11,75.44,54.26,1.18,statcan-14-10-0417-01;statcan-18-10-0004-01;nlh-home-care
199,NL,Cleaning_Service_Agency,2025,0.996,34.06,34.06,46.16,58.27,1.3,44.28,75.75,54.47,1.18,statcan-14-10-0417-01;statcan-18-10-0004-01;nlh-home-care
200,NL,Cleaning_Service_Agency,2026,1.0,34.2,34.2,46.35,58.5,1.3,44.46,76.05,54.69,1.18,statcan-14-10-0417-01;statcan-18-10-0004-01;nlh-home-care
201,NS,HSW,2019,0.815,18.65,18.65,23.67,28.69,1.3,24.24,37.3,27.93,1.18,statcan-14-10-0417-01;statcan-18-10-0004-01;cihi-hcrs-indicators;chca-high-value-home-care;nshealth-home-care
202,NS,HSW,2020,0.831,19.01,19.01,24.13,29.25,1.3,24.71,38.02,28.47,1.18,statcan-14-10-0417-01;statcan-18-10-0004-01;cihi-hcrs-indicators;chca-high-value-home-care;nshealth-home-care
203,NS,HSW,2021,0.857,19.61,19.61,24.89,30.17,1.3,25.49,39.22,29.37,1.18,statcan-14-10-0417-01;statcan-18-10-0004-01;cihi-hcrs-indicators;chca-high-value-home-care;nshealth-home-care
204,NS,HSW,2022,0.919,21.03,21.03,26.69,32.35,1.3,27.34,42.06,31.49,1.18,statcan-14-10-0417-01;statcan-18-10-0004-01;cihi-hcrs-indicators;chca-high-value-home-care;nshealth-home-care
205,NS,HSW,2023,0.964,22.06,22.06,27.99,33.93,1.3,28.68,44.11,33.03,1.18,statcan-14-10-0417-01;statcan-18-10-0004-01;cihi-hcrs-indicators;chca-high-value-home-care;nshealth-home-care
206,NS,HSW,2024,0.992,22.7,22.7,28.81,34.92,1.3,29.51,45.4,34.0,1.18,statcan-14-10-0417-01;statcan-18-10-0004-01;cihi-hcrs-indicators;chca-high-value-home-care;nshealth-home-care
207,NS,HSW,2025,0.996,22.79,22.79,28.92,35.06,1.3,29.63,45.58,34.13,1.18,statcan-14-10-0417-01;statcan-18-10-0004-01;cihi-hcrs-indicators;chca-high-value-home-care;nshealth-home-care
208,NS,HSW,2026,1.0,22.88,22.88,29.04,35.2,1.3,29.74,45.76,34.27,1.18,statcan-14-10-0417-01;statcan-18-10-0004-01;cihi-hcrs-indicators;chca-high-value-home-care;nshealth-home-care
209,NS,LPN_RPN,2019,0.815,27.25,27.25,35.86,44.47,1.3,35.43,57.81,42.31,1.18,statcan-14-10-0417-01;statcan-18-10-0004-01;cihi-hcrs-indicators;chca-high-value-home-care;nshealth-home-care
210,NS,LPN_RPN,2020,0.831,27.79,27.79,36.56,45.34,1.3,36.13,58.94,43.14,1.18,statcan-14-10-0417-01;statcan-18-10-0004-01;cihi-hcrs-indicators;chca-high-value-home-care;nshealth-home-care
211,NS,LPN_RPN,2021,0.857,28.66,28.66,37.71,46.76,1.3,37.26,60.79,44.5,1.18,statcan-14-10-0417-01;statcan-18-10-0004-01;cihi-hcrs-indicators;chca-high-value-home-care;nshealth-home-care
212,NS,LPN_RPN,2022,0.919,30.73,30.73,40.44,50.14,1.3,39.95,65.18,47.72,1.18,statcan-14-10-0417-01;statcan-18-10-0004-01;cihi-hcrs-indicators;chca-high-value-home-care;nshealth-home-care
213,NS,LPN_RPN,2023,0.964,32.24,32.24,42.42,52.6,1.3,41.91,68.38,50.06,1.18,statcan-14-10-0417-01;statcan-18-10-0004-01;cihi-hcrs-indicators;chca-high-value-home-care;nshealth-home-care
214,NS,LPN_RPN,2024,0.992,33.17,33.17,43.65,54.12,1.3,43.12,70.36,51.51,1.18,statcan-14-10-0417-01;statcan-18-10-0004-01;cihi-hcrs-indicators;chca-high-value-home-care;nshealth-home-care
215,NS,LPN_RPN,2025,0.996,33.31,33.31,43.82,54.34,1.3,43.3,70.64,51.71,1.18,statcan-14-10-0417-01;statcan-18-10-0004-01;cihi-hcrs-indicators;chca-high-value-home-care;nshealth-home-care
216,NS,LPN_RPN,2026,1.0,33.44,33.44,44.0,54.56,1.3,43.47,70.93,51.92,1.18,statcan-14-10-0417-01;statcan-18-10-0004-01;cihi-hcrs-indicators;chca-high-value-home-care;nshealth-home-care
217,NS,RN,2019,0.815,38.73,38.73,53.43,68.13,1.3,50.35,88.57,63.05,1.18,statcan-14-10-0417-01;statcan-18-10-0004-01;cihi-hcrs-indicators;chca-high-value-home-care;nshealth-home-care
218,NS,RN,2020,0.831,39.49,39.49,54.48,69.47,1.3,51.34,90.31,64.29,1.18,statcan-14-10-0417-01;statcan-18-10-0004-01;cihi-hcrs-indicators;chca-high-value-home-care;nshealth-home-care
219,NS,RN,2021,0.857,40.72,40.72,56.18,71.65,1.3,52.94,93.15,66.29,1.18,statcan-14-10-0417-01;statcan-18-10-0004-01;cihi-hcrs-indicators;chca-high-value-home-care;nshealth-home-care
220,NS,RN,2022,0.919,43.67,43.67,60.25,76.83,1.3,56.77,99.88,71.09,1.18,statcan-14-10-0417-01;statcan-18-10-0004-01;cihi-hcrs-indicators;chca-high-value-home-care;nshealth-home-care
221,NS,RN,2023,0.964,45.81,45.81,63.2,80.59,1.3,59.55,104.77,74.58,1.18,statcan-14-10-0417-01;statcan-18-10-0004-01;cihi-hcrs-indicators;chca-high-value-home-care;nshealth-home-care
222,NS,RN,2024,0.992,47.14,47.14,65.04,82.93,1.3,61.28,107.81,76.75,1.18,statcan-14-10-0417-01;statcan-18-10-0004-01;cihi-hcrs-indicators;chca-high-value-home-care;nshealth-home-care
223,NS,RN,2025,0.996,47.33,47.33,65.3,83.27,1.3,61.53,108.25,77.05,1.18,statcan-14-10-0417-01;statcan-18-10-0004-01;cihi-hcrs-indicators;chca-high-value-home-care;nshealth-home-care
224,NS,RN,2026,1.0,47.52,47.52,65.56,83.6,1.3,61.78,108.68,77.36,1.18,statcan-14-10-0417-01;statcan-18-10-0004-01;cihi-hcrs-indicators;chca-high-value-home-care;nshealth-home-care
225,NS,Housekeeper_Private,2019,0.815,15.78,15.78,20.8,25.82,1.3,20.51,33.57,24.54,1.18,statcan-14-10-0417-01;statcan-18-10-0004-01;nshealth-home-care
226,NS,Housekeeper_Private,2020,0.831,16.09,16.09,21.21,26.33,1.3,20.92,34.23,25.03,1.18,statcan-14-10-0417-01;statcan-18-10-0004-01;nshealth-home-care
227,NS,Housekeeper_Private,2021,0.857,16.59,16.59,21.87,27.15,1.3,21.57,35.3,25.81,1.18,statcan-14-10-0417-01;statcan-18-10-0004-01;nshealth-home-care
228,NS,Housekeeper_Private,2022,0.919,17.79,17.79,23.45,29.11,1.3,23.13,37.84,27.67,1.18,statcan-14-10-0417-01;statcan-18-10-0004-01;nshealth-home-care
229,NS,Housekeeper_Private,2023,0.964,18.66,18.66,24.6,30.54,1.3,24.26,39.7,29.03,1.18,statcan-14-10-0417-01;statcan-18-10-0004-01;nshealth-home-care
230,NS,Housekeeper_Private,2024,0.992,19.21,19.21,25.32,31.43,1.3,24.97,40.86,29.88,1.18,statcan-14-10-0417-01;statcan-18-10-0004-01;nshealth-home-care
231,NS,Housekeeper_Private,2025,0.996,19.28,19.28,25.42,31.55,1.3,25.06,41.02,30.0,1.18,statcan-14-10-0417-01;statcan-18-10-0004-01;nshealth-home-care
232,NS,Housekeeper_Private,2026,1.0,19.36,19.36,25.52,31.68,1.3,25.17,41.18,30.11,1.18,statcan-14-10-0417-01;statcan-18-10-0004-01;nshealth-home-care
233,NS,Cleaning_Service_Agency,2019,0.815,27.25,27.25,36.94,46.62,1.3,35.43,60.61,43.59,1.18,statcan-14-10-0417-01;statcan-18-10-0004-01;nshealth-home-care
234,NS,Cleaning_Service_Agency,2020,0.831,27.79,27.79,37.66,47.53,1.3,36.13,61.79,44.44,1.18,statcan-14-10-0417-01;statcan-18-10-0004-01;nshealth-home-care
235,NS,Cleaning_Service_Agency,2021,0.857,28.66,28.66,38.84,49.02,1.3,37.26,63.73,45.83,1.18,statcan-14-10-0417-01;statcan-18-10-0004-01;nshealth-home-care
236,NS,Cleaning_Service_Agency,2022,0.919,30.73,30.73,41.65,52.57,1.3,39.95,68.34,49.15,1.18,statcan-14-10-0417-01;statcan-18-10-0004-01;nshealth-home-care
237,NS,Cleaning_Service_Agency,2023,0.964,32.24,32.24,43.69,55.14,1.3,41.91,71.68,51.55,1.18,statcan-14-10-0417-01;statcan-18-10-0004-01;nshealth-home-care
238,NS,Cleaning_Service_Agency,2024,0.992,33.17,33.17,44.96,56.74,1.3,43.12,73.76,53.05,1.18,statcan-14-10-0417-01;statcan-18-10-0004-01;nshealth-home-care
239,NS,Cleaning_Service_Agency,2025,0.996,33.31,33.31,45.14,56.97,1.3,43.3,74.06,53.27,1.18,statcan-14-10-0417-01;statcan-18-10-0004-01;nshealth-home-care
240,NS,Cleaning_Service_Agency,2026,1.0,33.44,33.44,45.32,57.2,1.3,43.47,74.36,53.48,1.18,statcan-14-10-0417-01;statcan-18-10-0004-01;nshealth-home-care
241,NT,HSW,2019,0.815,28.61,28.61,36.31,44.01,1.5,42.91,66.02,42.85,1.18,statcan-14-10-0417-01;statcan-18-10-0004-01;cihi-hcrs-indicators;chca-high-value-home-care;gnwt-home-community-care
242,NT,HSW,2020,0.831,29.17,29.17,37.02,44.87,1.5,43.76,67.3,43.68,1.18,statcan-14-10-0417-01;statcan-18-10-0004-01;cihi-hcrs-indicators;chca-high-value-home-care;gnwt-home-community-care
243,NT,HSW,2021,0.857,30.08,30.08,38.18,46.28,1.5,45.12,69.42,45.05,1.18,statcan-14-10-0417-01;statcan-18-10-0004-01;cihi-hcrs-indicators;chca-high-value-home-care;gnwt-home-community-care
244,NT,HSW,2022,0.919,32.26,32.26,40.94,49.63,1.5,48.39,74.45,48.31,1.18,statcan-14-10-0417-01;statcan-18-10-0004-01;cihi-hcrs-indicators;chca-high-value-home-care;gnwt-home-community-care
245,NT,HSW,2023,0.964,33.84,33.84,42.95,52.06,1.5,50.76,78.09,50.68,1.18,statcan-14-10-0417-01;statcan-18-10-0004-01;cihi-hcrs-indicators;chca-high-value-home-care;gnwt-home-community-care
246,NT,HSW,2024,0.992,34.82,34.82,44.19,53.57,1.5,52.23,80.36,52.14,1.18,statcan-14-10-0417-01;statcan-18-10-0004-01;cihi-hcrs-indicators;chca-high-value-home-care;gnwt-home-community-care
247,NT,HSW,2025,0.996,34.96,34.96,44.37,53.78,1.5,52.44,80.67,52.36,1.18,statcan-14-10-0417-01;statcan-18-10-0004-01;cihi-hcrs-indicators;chca-high-value-home-care;gnwt-home-community-care
248,NT,HSW,2026,1.0,35.1,35.1,44.55,54.0,1.5,52.65,81.0,52.57,1.18,statcan-14-10-0417-01;statcan-18-10-0004-01;cihi-hcrs-indicators;chca-high-value-home-care;gnwt-home-community-care
249,NT,LPN_RPN,2019,0.815,41.81,41.81,55.01,68.22,1.5,62.72,102.33,64.91,1.18,statcan-14-10-0417-01;statcan-18-10-0004-01;cihi-hcrs-indicators;chca-high-value-home-care;gnwt-home-community-care
250,NT,LPN_RPN,2020,0.831,42.63,42.63,56.09,69.55,1.5,63.95,104.32,66.19,1.18,statcan-14-10-0417-01;statcan-18-10-0004-01;cihi-hcrs-indicators;chca-high-value-home-care;gnwt-home-community-care
251,NT,LPN_RPN,2021,0.857,43.96,43.96,57.85,71.73,1.5,65.94,107.59,68.26,1.18,statcan-14-10-0417-01;statcan-18-10-0004-01;cihi-hcrs-indicators;chca-high-value-home-care;gnwt-home-community-care
252,NT,LPN_RPN,2022,0.919,47.14,47.14,62.03,76.92,1.5,70.71,115.38,73.2,1.18,statcan-14-10-0417-01;statcan-18-10-0004-01;cihi-hcrs-indicators;chca-high-value-home-care;gnwt-home-community-care
253,NT,LPN_RPN,2023,0.964,49.45,49.45,65.07,80.69,1.5,74.18,121.03,76.78,1.18,statcan-14-10-0417-01;statcan-18-10-0004-01;cihi-hcrs-indicators;chca-high-value-home-care;gnwt-home-community-care
254,NT,LPN_RPN,2024,0.992,50.89,50.89,66.96,83.03,1.5,76.34,124.55,79.01,1.18,statcan-14-10-0417-01;statcan-18-10-0004-01;cihi-hcrs-indicators;chca-high-value-home-care;gnwt-home-community-care
255,NT,LPN_RPN,2025,0.996,51.09,51.09,67.23,83.37,1.5,76.64,125.06,79.33,1.18,statcan-14-10-0417-01;statcan-18-10-0004-01;cihi-hcrs-indicators;chca-high-value-home-care;gnwt-home-community-care
256,NT,LPN_RPN,2026,1.0,51.3,51.3,67.5,83.7,1.5,76.95,125.55,79.65,1.18,statcan-14-10-0417-01;statcan-18-10-0004-01;cihi-hcrs-indicators;chca-high-value-home-care;gnwt-home-community-care
257,NT,RN,2019,0.815,59.41,59.41,81.97,104.52,1.5,89.11,156.78,96.72,1.18,statcan-14-10-0417-01;statcan-18-10-0004-01;cihi-hcrs-indicators;chca-high-value-home-care;gnwt-home-community-care
258,NT,RN,2020,0.831,60.58,60.58,83.58,106.58,1.5,90.87,159.87,98.62,1.18,statcan-14-10-0417-01;statcan-18-10-0004-01;cihi-hcrs-indicators;chca-high-value-home-care;gnwt-home-community-care
259,NT,RN,2021,0.857,62.48,62.48,86.2,109.91,1.5,93.72,164.87,101.72,1.18,statcan-14-10-0417-01;statcan-18-10-0004-01;cihi-hcrs-indicators;chca-high-value-home-care;gnwt-home-community-care
260,NT,RN,2022,0.919,67.0,67.0,92.43,117.86,1.5,100.5,176.79,109.07,1.18,statcan-14-10-0417-01;statcan-18-10-0004-01;cihi-hcrs-indicators;chca-high-value-home-care;gnwt-home-community-care
261,NT,RN,2023,0.964,70.28,70.28,96.96,123.63,1.5,105.42,185.44,114.41,1.18,statcan-14-10-0417-01;statcan-18-10-0004-01;cihi-hcrs-indicators;chca-high-value-home-care;gnwt-home-community-care
262,NT,RN,2024,0.992,72.32,72.32,99.78,127.22,1.5,108.48,190.83,117.74,1.18,statcan-14-10-0417-01;statcan-18-10-0004-01;cihi-hcrs-indicators;chca-high-value-home-care;gnwt-home-community-care
263,NT,RN,2025,0.996,72.61,72.61,100.18,127.74,1.5,108.91,191.61,118.21,1.18,statcan-14-10-0417-01;statcan-18-10-0004-01;cihi-hcrs-indicators;chca-high-value-home-care;gnwt-home-community-care
264,NT,RN,2026,1.0,72.9,72.9,100.58,128.25,1.5,109.35,192.38,118.68,1.18,statcan-14-10-0417-01;statcan-18-10-0004-01;cihi-hcrs-indicators;chca-high-value-home-care;gnwt-home-community-care
265,NT,Housekeeper_Private,2019,0.815,24.21,24.21,31.91,39.61,1.5,36.31,59.41,37.65,1.18,statcan-14-10-0417-01;statcan-18-10-0004-01;gnwt-home-community-care
266,NT,Housekeeper_Private,2020,0.831,24.68,24.68,32.53,40.39,1.5,37.02,60.59,38.39,1.18,statcan-14-10-0417-01;statcan-18-10-0004-01;gnwt-home-community-care
267,NT,Housekeeper_Private,2021,0.857,25.45,25.45,33.55,41.65,1.5,38.17,62.47,39.59,1.18,statcan-14-10-0417-01;statcan-18-10-0004-01;gnwt-home-community-care
268,NT,Housekeeper_Private,2022,0.919,27.29,27.29,35.98,44.66,1.5,40.94,66.99,42.46,1.18,statcan-14-10-0417-01;statcan-18-10-0004-01;gnwt-home-community-care
269,NT,Housekeeper_Private,2023,0.964,28.63,28.63,37.74,46.85,1.5,42.95,70.28,44.53,1.18,statcan-14-10-0417-01;statcan-18-10-0004-01;gnwt-home-community-care
270,NT,Housekeeper_Private,2024,0.992,29.46,29.46,38.84,48.21,1.5,44.19,72.31,45.83,1.18,statcan-14-10-0417-01;statcan-18-10-0004-01;gnwt-home-community-care
271,NT,Housekeeper_Private,2025,0.996,29.58,29.58,38.99,48.41,1.5,44.37,72.61,46.01,1.18,statcan-14-10-0417-01;statcan-18-10-0004-01;gnwt-home-community-care
272,NT,Housekeeper_Private,2026,1.0,29.7,29.7,39.15,48.6,1.5,44.55,72.9,46.2,1.18,statcan-14-10-0417-01;statcan-18-10-0004-01;gnwt-home-community-care
273,NT,Cleaning_Service_Agency,2019,0.815,41.81,41.81,56.67,71.52,1.5,62.72,107.28,66.87,1.18,statcan-14-10-0417-01;statcan-18-10-0004-01;gnwt-home-community-care
274,NT,Cleaning_Service_Agency,2020,0.831,42.63,42.63,57.78,72.92,1.5,63.95,109.38,68.18,1.18,statcan-14-10-0417-01;statcan-18-10-0004-01;gnwt-home-community-care
275,NT,Cleaning_Service_Agency,2021,0.857,43.96,43.96,59.59,75.2,1.5,65.94,112.8,70.32,1.18,statcan-14-10-0417-01;statcan-18-10-0004-01;gnwt-home-community-care
276,NT,Cleaning_Service_Agency,2022,0.919,47.14,47.14,63.9,80.64,1.5,70.71,120.96,75.4,1.18,statcan-14-10-0417-01;statcan-18-10-0004-01;gnwt-home-community-care
277,NT,Cleaning_Service_Agency,2023,0.964,49.45,49.45,67.03,84.59,1.5,74.18,126.89,79.1,1.18,statcan-14-10-0417-01;statcan-18-10-0004-01;gnwt-home-community-care
278,NT,Cleaning_Service_Agency,2024,0.992,50.89,50.89,68.97,87.05,1.5,76.34,130.57,81.38,1.18,statcan-14-10-0417-01;statcan-18-10-0004-01;gnwt-home-community-care
279,NT,Cleaning_Service_Agency,2025,0.996,51.09,51.09,69.25,87.4,1.5,76.64,131.1,81.71,1.18,statcan-14-10-0417-01;statcan-18-10-0004-01;gnwt-home-community-care
280,NT,Cleaning_Service_Agency,2026,1.0,51.3,51.3,69.53,87.75,1.5,76.95,131.62,82.05,1.18,statcan-14-10-0417-01;statcan-18-10-0004-01;gnwt-home-community-care
281,NU,HSW,2019,0.815,31.78,31.78,40.34,48.9,1.55,49.26,75.8,47.6,1.18,statcan-14-10-0417-01;statcan-18-10-0004-01;cihi-hcrs-indicators;chca-high-value-home-care;gn-home-community-care
282,NU,HSW,2020,0.831,32.41,32.41,41.13,49.86,1.55,50.24,77.28,48.53,1.18,statcan-14-10-0417-01;statcan-18-10-0004-01;cihi-hcrs-indicators;chca-high-value-home-care;gn-home-community-care
283,NU,HSW,2021,0.857,33.42,33.42,42.42,51.42,1.55,51.8,79.7,50.06,1.18,statcan-14-10-0417-01;statcan-18-10-0004-01;cihi-hcrs-indicators;chca-high-value-home-care;gn-home-community-care
284,NU,HSW,2022,0.919,35.84,35.84,45.49,55.14,1.55,55.55,85.47,53.68,1.18,statcan-14-10-0417-01;statcan-18-10-0004-01;cihi-hcrs-indicators;chca-high-value-home-care;gn-home-community-care
285,NU,HSW,2023,0.964,37.6,37.6,47.72,57.84,1.55,58.28,89.65,56.31,1.18,statcan-14-10-0417-01;statcan-18-10-0004-01;cihi-hcrs-indicators;chca-high-value-home-care;gn-home-community-care
286,NU,HSW,2024,0.992,38.69,38.69,49.1,59.52,1.55,59.97,92.26,57.94,1.18,statcan-14-10-0417-01;statcan-18-10-0004-01;cihi-hcrs-indicators;chca-high-value-home-care;gn-home-community-care
287,NU,HSW,2025,0.996,38.84,38.84,49.3,59.76,1.55,60.2,92.63,58.17,1.18,statcan-14-10-0417-01;statcan-18-10-0004-01;cihi-hcrs-indicators;chca-high-value-home-care;gn-home-community-care
288,NU,HSW,2026,1.0,39.0,39.0,49.5,60.0,1.55,60.45,93.0,58.41,1.18,statcan-14-10-0417-01;statcan-18-10-0004-01;cihi-hcrs-indicators;chca-high-value-home-care;gn-home-community-care
289,NU,LPN_RPN,2019,0.815,46.45,46.45,61.12,75.8,1.55,72.0,117.49,72.12,1.18,statcan-14-10-0417-01;statcan-18-10-0004-01;cihi-hcrs-indicators;chca-high-value-home-care;gn-home-community-care
290,NU,LPN_RPN,2020,0.831,47.37,47.37,62.32,77.28,1.55,73.42,119.78,73.54,1.18,statcan-14-10-0417-01;statcan-18-10-0004-01;cihi-hcrs-indicators;chca-high-value-home-care;gn-home-community-care
291,NU,LPN_RPN,2021,0.857,48.85,48.85,64.28,79.7,1.55,75.72,123.54,75.85,1.18,statcan-14-10-0417-01;statcan-18-10-0004-01;cihi-hcrs-indicators;chca-high-value-home-care;gn-home-community-care
292,NU,LPN_RPN,2022,0.919,52.38,52.38,68.92,85.47,1.55,81.19,132.48,81.33,1.18,statcan-14-10-0417-01;statcan-18-10-0004-01;cihi-hcrs-indicators;chca-high-value-home-care;gn-home-community-care
293,NU,LPN_RPN,2023,0.964,54.95,54.95,72.3,89.65,1.55,85.17,138.96,85.31,1.18,statcan-14-10-0417-01;statcan-18-10-0004-01;cihi-hcrs-indicators;chca-high-value-home-care;gn-home-community-care
294,NU,LPN_RPN,2024,0.992,56.54,56.54,74.4,92.26,1.55,87.64,143.0,87.79,1.18,statcan-14-10-0417-01;statcan-18-10-0004-01;cihi-hcrs-indicators;chca-high-value-home-care;gn-home-community-care
295,NU,LPN_RPN,2025,0.996,56.77,56.77,74.7,92.63,1.55,87.99,143.58,88.15,1.18,statcan-14-10-0417-01;statcan-18-10-0004-01;cihi-hcrs-indicators;chca-high-value-home-care;gn-home-community-care
296,NU,LPN_RPN,2026,1.0,57.0,57.0,75.0,93.0,1.55,88.35,144.15,88.5,1.18,statcan-14-10-0417-01;statcan-18-10-0004-01;cihi-hcrs-indicators;chca-high-value-home-care;gn-home-community-care
297,NU,RN,2019,0.815,66.02,66.02,91.08,116.14,1.55,102.33,180.02,107.47,1.18,statcan-14-10-0417-01;statcan-18-10-0004-01;cihi-hcrs-indicators;chca-high-value-home-care;gn-home-community-care
298,NU,RN,2020,0.831,67.31,67.31,92.86,118.42,1.55,104.33,183.55,109.57,1.18,statcan-14-10-0417-01;statcan-18-10-0004-01;cihi-hcrs-indicators;chca-high-value-home-care;gn-home-community-care
299,NU,RN,2021,0.857,69.42,69.42,95.77,122.12,1.55,107.6,189.29,113.01,1.18,statcan-14-10-0417-01;statcan-18-10-0004-01;cihi-hcrs-indicators;chca-high-value-home-care;gn-home-community-care
300,NU,RN,2022,0.919,74.44,74.44,102.7,130.96,1.55,115.38,202.99,121.19,1.18,statcan-14-10-0417-01;statcan-18-10-0004-01;cihi-hcrs-indicators;chca-high-value-home-care;gn-home-community-care
301,NU,RN,2023,0.964,78.08,78.08,107.73,137.37,1.55,121.02,212.92,127.12,1.18,statcan-14-10-0417-01;statcan-18-10-0004-01;cihi-hcrs-indicators;chca-high-value-home-care;gn-home-community-care
302,NU,RN,2024,0.992,80.35,80.35,110.86,141.36,1.55,124.54,219.11,130.81,1.18,statcan-14-10-0417-01;statcan-18-10-0004-01;cihi-hcrs-indicators;chca-high-value-home-care;gn-home-community-care
303,NU,RN,2025,0.996,80.68,80.68,111.3,141.93,1.55,125.05,219.99,131.33,1.18,statcan-14-10-0417-01;statcan-18-10-0004-01;cihi-hcrs-indicators;chca-high-value-home-care;gn-home-community-care
304,NU,RN,2026,1.0,81.0,81.0,111.75,142.5,1.55,125.55,220.88,131.86,1.18,statcan-14-10-0417-01;statcan-18-10-0004-01;cihi-hcrs-indicators;chca-high-value-home-care;gn-home-community-care
305,NU,Housekeeper_Private,2019,0.815,26.89,26.89,35.45,44.01,1.55,41.68,68.22,41.83,1.18,statcan-14-10-0417-01;statcan-18-10-0004-01;gn-home-community-care
306,NU,Housekeeper_Private,2020,0.831,27.42,27.42,36.15,44.87,1.55,42.5,69.55,42.66,1.18,statcan-14-10-0417-01;statcan-18-10-0004-01;gn-home-community-care
307,NU,Housekeeper_Private,2021,0.857,28.28,28.28,37.28,46.28,1.55,43.83,71.73,43.99,1.18,statcan-14-10-0417-01;statcan-18-10-0004-01;gn-home-community-care
308,NU,Housekeeper_Private,2022,0.919,30.33,30.33,39.98,49.63,1.55,47.01,76.93,47.18,1.18,statcan-14-10-0417-01;statcan-18-10-0004-01;gn-home-community-care
309,NU,Housekeeper_Private,2023,0.964,31.81,31.81,41.93,52.06,1.55,49.31,80.69,49.48,1.18,statcan-14-10-0417-01;statcan-18-10-0004-01;gn-home-community-care
310,NU,Housekeeper_Private,2024,0.992,32.74,32.74,43.15,53.57,1.55,50.75,83.03,50.92,1.18,statcan-14-10-0417-01;statcan-18-10-0004-01;gn-home-community-care
311,NU,Housekeeper_Private,2025,0.996,32.87,32.87,43.33,53.78,1.55,50.95,83.36,51.13,1.18,statcan-14-10-0417-01;statcan-18-10-0004-01;gn-home-community-care
312,NU,Housekeeper_Private,2026,1.0,33.0,33.0,43.5,54.0,1.55,51.15,83.7,51.33,1.18,statcan-14-10-0417-01;statcan-18-10-0004-01;gn-home-community-care
313,NU,Cleaning_Service_Agency,2019,0.815,46.45,46.45,62.96,79.46,1.55,72.0,123.16,74.29,1.18,statcan-14-10-0417-01;statcan-18-10-0004-01;gn-home-community-care
314,NU,Cleaning_Service_Agency,2020,0.831,47.37,47.37,64.19,81.02,1.55,73.42,125.58,75.74,1.18,statcan-14-10-0417-01;statcan-18-10-0004-01;gn-home-community-care
315,NU,Cleaning_Service_Agency,2021,0.857,48.85,48.85,66.2,83.56,1.55,75.72,129.52,78.12,1.18,statcan-14-10-0417-01;statcan-18-10-0004-01;gn-home-community-care
316,NU,Cleaning_Service_Agency,2022,0.919,52.38,52.38,70.99,89.6,1.55,81.19,138.88,83.77,1.18,statcan-14-10-0417-01;statcan-18-10-0004-01;gn-home-community-care
317,NU,Cleaning_Service_Agency,2023,0.964,54.95,54.95,74.47,93.99,1.55,85.17,145.68,87.87,1.18,statcan-14-10-0417-01;statcan-18-10-0004-01;gn-home-community-care
318,NU,Cleaning_Service_Agency,2024,0.992,56.54,56.54,76.63,96.72,1.55,87.64,149.92,90.42,1.18,statcan-14-10-0417-01;statcan-18-10-0004-01;gn-home-community-care
319,NU,Cleaning_Service_Agency,2025,0.996,56.77,56.77,76.94,97.11,1.55,87.99,150.52,90.79,1.18,statcan-14-10-0417-01;statcan-18-10-0004-01;gn-home-community-care
320,NU,Cleaning_Service_Agency,2026,1.0,57.0,57.0,77.25,97.5,1.55,88.35,151.12,91.16,1.18,statcan-14-10-0417-01;statcan-18-10-0004-01;gn-home-community-care
321,ON,PSW,2019,0.815,22.82,22.82,28.52,34.23,1.38,31.49,47.24,33.65,1.18,statcan-14-10-0417-01;statcan-18-10-0004-01;cihi-hcrs-indicators;chca-high-value-home-care;hccss-ontario
322,ON,PSW,2020,0.831,23.27,23.27,29.08,34.9,1.38,32.11,48.16,34.31,1.18,statcan-14-10-0417-01;statcan-18-10-0004-01;cihi-hcrs-indicators;chca-high-value-home-care;hccss-ontario
323,ON,PSW,2021,0.857,24.0,24.0,30.0,35.99,1.38,33.12,49.67,35.4,1.18,statcan-14-10-0417-01;statcan-18-10-0004-01;cihi-hcrs-indicators;chca-high-value-home-care;hccss-ontario
324,ON,PSW,2022,0.919,25.73,25.73,32.16,38.6,1.38,35.51,53.27,37.95,1.18,statcan-14-10-0417-01;statcan-18-10-0004-01;cihi-hcrs-indicators;chca-high-value-home-care;hccss-ontario
325,ON,PSW,2023,0.964,26.99,26.99,33.74,40.49,1.38,37.25,55.88,39.81,1.18,statcan-14-10-0417-01;statcan-18-10-0004-01;cihi-hcrs-indicators;chca-high-value-home-care;hccss-ontario
326,ON,PSW,2024,0.992,27.78,27.78,34.72,41.66,1.38,38.34,57.49,40.97,1.18,statcan-14-10-0417-01;statcan-18-10-0004-01;cihi-hcrs-indicators;chca-high-value-home-care;hccss-ontario
327,ON,PSW,2025,0.996,27.89,27.89,34.86,41.83,1.38,38.49,57.73,41.13,1.18,statcan-14-10-0417-01;statcan-18-10-0004-01;cihi-hcrs-indicators;chca-high-value-home-care;hccss-ontario
328,ON,PSW,2026,1.0,28.0,28.0,35.0,42.0,1.38,38.64,57.96,41.3,1.18,statcan-14-10-0417-01;statcan-18-10-0004-01;cihi-hcrs-indicators;chca-high-value-home-care;hccss-ontario
329,ON,LPN_RPN,2019,0.815,30.97,30.97,40.75,50.53,1.38,42.74,69.73,48.09,1.18,statcan-14-10-0417-01;statcan-18-10-0004-01;cihi-hcrs-indicators;chca-high-value-home-care;hccss-ontario
330,ON,LPN_RPN,2020,0.831,31.58,31.58,41.55,51.52,1.38,43.58,71.1,49.03,1.18,statcan-14-10-0417-01;statcan-18-10-0004-01;cihi-hcrs-indicators;chca-high-value-home-care;hccss-ontario
331,ON,LPN_RPN,2021,0.857,32.57,32.57,42.85,53.13,1.38,44.95,73.32,50.56,1.18,statcan-14-10-0417-01;statcan-18-10-0004-01;cihi-hcrs-indicators;chca-high-value-home-care;hccss-ontario
332,ON,LPN_RPN,2022,0.919,34.92,34.92,45.95,56.98,1.38,48.19,78.63,54.22,1.18,statcan-14-10-0417-01;statcan-18-10-0004-01;cihi-hcrs-indicators;chca-high-value-home-care;hccss-ontario
333,ON,LPN_RPN,2023,0.964,36.63,36.63,48.2,59.77,1.38,50.55,82.48,56.88,1.18,statcan-14-10-0417-01;statcan-18-10-0004-01;cihi-hcrs-indicators;chca-high-value-home-care;hccss-ontario
334,ON,LPN_RPN,2024,0.992,37.7,37.7,49.6,61.5,1.38,52.03,84.87,58.53,1.18,statcan-14-10-0417-01;statcan-18-10-0004-01;cihi-hcrs-indicators;chca-high-value-home-care;hccss-ontario
335,ON,LPN_RPN,2025,0.996,37.85,37.85,49.8,61.75,1.38,52.23,85.21,58.76,1.18,statcan-14-10-0417-01;statcan-18-10-0004-01;cihi-hcrs-indicators;chca-high-value-home-care;hccss-ontario
336,ON,LPN_RPN,2026,1.0,38.0,38.0,50.0,62.0,1.38,52.44,85.56,59.0,1.18,statcan-14-10-0417-01;statcan-18-10-0004-01;cihi-hcrs-indicators;chca-high-value-home-care;hccss-ontario
337,ON,RN,2019,0.815,44.01,44.01,60.72,77.42,1.38,60.73,106.84,71.65,1.18,statcan-14-10-0417-01;statcan-18-10-0004-01;cihi-hcrs-indicators;chca-high-value-home-care;hccss-ontario
338,ON,RN,2020,0.831,44.87,44.87,61.91,78.94,1.38,61.92,108.94,73.05,1.18,statcan-14-10-0417-01;statcan-18-10-0004-01;cihi-hcrs-indicators;chca-high-value-home-care;hccss-ontario
339,ON,RN,2021,0.857,46.28,46.28,63.85,81.41,1.38,63.87,112.35,75.34,1.18,statcan-14-10-0417-01;statcan-18-10-0004-01;cihi-hcrs-indicators;chca-high-value-home-care;hccss-ontario
340,ON,RN,2022,0.919,49.63,49.63,68.47,87.31,1.38,68.49,120.49,80.79,1.18,statcan-14-10-0417-01;statcan-18-10-0004-01;cihi-hcrs-indicators;chca-high-value-home-care;hccss-ontario
341,ON,RN,2023,0.964,52.06,52.06,71.82,91.58,1.38,71.84,126.38,84.75,1.18,statcan-14-10-0417-01;statcan-18-10-0004-01;cihi-hcrs-indicators;chca-high-value-home-care;hccss-ontario
342,ON,RN,2024,0.992,53.57,53.57,73.9,94.24,1.38,73.93,130.05,87.2,1.18,statcan-14-10-0417-01;statcan-18-10-0004-01;cihi-hcrs-indicators;chca-high-value-home-care;hccss-ontario
343,ON,RN,2025,0.996,53.78,53.78,74.2,94.62,1.38,74.22,130.58,87.56,1.18,statcan-14-10-0417-01;statcan-18-10-0004-01;cihi-hcrs-indicators;chca-high-value-home-care;hccss-ontario
344,ON,RN,2026,1.0,54.0,54.0,74.5,95.0,1.38,74.52,131.1,87.91,1.18,statcan-14-10-0417-01;statcan-18-10-0004-01;cihi-hcrs-indicators;chca-high-value-home-care;hccss-ontario
345,ON,Housekeeper_Private,2019,0.815,17.93,17.93,23.63,29.34,1.38,24.74,40.49,27.88,1.18,statcan-14-10-0417-01;statcan-18-10-0004-01;hccss-ontario
346,ON,Housekeeper_Private,2020,0.831,18.28,18.28,24.1,29.92,1.38,25.23,41.29,28.44,1.18,statcan-14-10-0417-01;statcan-18-10-0004-01;hccss-ontario
347,ON,Housekeeper_Private,2021,0.857,18.85,18.85,24.85,30.85,1.38,26.01,42.57,29.32,1.18,statcan-14-10-0417-01;statcan-18-10-0004-01;hccss-ontario
348,ON,Housekeeper_Private,2022,0.919,20.22,20.22,26.65,33.08,1.38,27.9,45.65,31.45,1.18,statcan-14-10-0417-01;statcan-18-10-0004-01;hccss-ontario
349,ON,Housekeeper_Private,2023,0.964,21.21,21.21,27.96,34.7,1.38,29.27,47.89,32.99,1.18,statcan-14-10-0417-01;statcan-18-10-0004-01;hccss-ontario
350,ON,Housekeeper_Private,2024,0.992,21.82,21.82,28.77,35.71,1.38,30.11,49.28,33.95,1.18,statcan-14-10-0417-01;statcan-18-10-0004-01;hccss-ontario
351,ON,Housekeeper_Private,2025,0.996,21.91,21.91,28.88,35.86,1.38,30.24,49.49,34.08,1.18,statcan-14-10-0417-01;statcan-18-10-0004-01;hccss-ontario
352,ON,Housekeeper_Private,2026,1.0,22.0,22.0,29.0,36.0,1.38,30.36,49.68,34.22,1.18,statcan-14-10-0417-01;statcan-18-10-0004-01;hccss-ontario
353,ON,Cleaning_Service_Agency,2019,0.815,30.97,30.97,41.97,52.97,1.38,42.74,73.1,49.52,1.18,statcan-14-10-0417-01;statcan-18-10-0004-01;hccss-ontario
354,ON,Cleaning_Service_Agency,2020,0.831,31.58,31.58,42.8,54.02,1.38,43.58,74.55,50.5,1.18,statcan-14-10-0417-01;statcan-18-10-0004-01;hccss-ontario
355,ON,Cleaning_Service_Agency,2021,0.857,32.57,32.57,44.14,55.7,1.38,44.95,76.87,52.09,1.18,statcan-14-10-0417-01;statcan-18-10-0004-01;hccss-ontario
356,ON,Cleaning_Service_Agency,2022,0.919,34.92,34.92,47.33,59.73,1.38,48.19,82.43,55.85,1.18,statcan-14-10-0417-01;statcan-18-10-0004-01;hccss-ontario
357,ON,Cleaning_Service_Agency,2023,0.964,36.63,36.63,49.65,62.66,1.38,50.55,86.47,58.59,1.18,statcan-14-10-0417-01;statcan-18-10-0004-01;hccss-ontario
358,ON,Cleaning_Service_Agency,2024,0.992,37.7,37.7,51.09,64.48,1.38,52.03,88.98,60.29,1.18,statcan-14-10-0417-01;statcan-18-10-0004-01;hccss-ontario
359,ON,Cleaning_Service_Agency,2025,0.996,37.85,37.85,51.29,64.74,1.38,52.23,89.34,60.52,1.18,statcan-14-10-0417-01;statcan-18-10-0004-01;hccss-ontario
360,ON,Cleaning_Service_Agency,2026,1.0,38.0,38.0,51.5,65.0,1.38,52.44,89.7,60.77,1.18,statcan-14-10-0417-01;statcan-18-10-0004-01;hccss-ontario
361,PE,HSW,2019,0.815,17.8,17.8,22.59,27.38,1.28,22.78,35.05,26.66,1.18,statcan-14-10-0417-01;statcan-18-10-0004-01;cihi-hcrs-indicators;chca-high-value-home-care;pei-home-care
362,PE,HSW,2020,0.831,18.15,18.15,23.04,27.92,1.28,23.23,35.74,27.19,1.18,statcan-14-10-0417-01;statcan-18-10-0004-01;cihi-hcrs-indicators;chca-high-value-home-care;pei-home-care
363,PE,HSW,2021,0.857,18.72,18.72,23.76,28.8,1.28,23.96,36.86,28.04,1.18,statcan-14-10-0417-01;statcan-18-10-0004-01;cihi-hcrs-indicators;chca-high-value-home-care;pei-home-care
364,PE,HSW,2022,0.919,20.07,20.07,25.47,30.88,1.28,25.69,39.53,30.05,1.18,statcan-14-10-0417-01;statcan-18-10-0004-01;cihi-hcrs-indicators;chca-high-value-home-care;pei-home-care
365,PE,HSW,2023,0.964,21.05,21.05,26.72,32.39,1.28,26.94,41.46,31.53,1.18,statcan-14-10-0417-01;statcan-18-10-0004-01;cihi-hcrs-indicators;chca-high-value-home-care;pei-home-care
366,PE,HSW,2024,0.992,21.67,21.67,27.5,33.33,1.28,27.74,42.66,32.45,1.18,statcan-14-10-0417-01;statcan-18-10-0004-01;cihi-hcrs-indicators;chca-high-value-home-care;pei-home-care
367,PE,HSW,2025,0.996,21.75,21.75,27.61,33.47,1.28,27.84,42.84,32.58,1.18,statcan-14-10-0417-01;statcan-18-10-0004-01;cihi-hcrs-indicators;chca-high-value-home-care;pei-home-care
368,PE,HSW,2026,1.0,21.84,21.84,27.72,33.6,1.28,27.96,43.01,32.71,1.18,statcan-14-10-0417-01;statcan-18-10-0004-01;cihi-hcrs-indicators;chca-high-value-home-care;pei-home-care
369,PE,LPN_RPN,2019,0.815,26.01,26.01,34.23,42.45,1.28,33.29,54.34,40.39,1.18,statcan-14-10-0417-01;statcan-18-10-0004-01;cihi-hcrs-indicators;chca-high-value-home-care;pei-home-care
370,PE,LPN_RPN,2020,0.831,26.53,26.53,34.9,43.28,1.28,33.96,55.4,41.18,1.18,statcan-14-10-0417-01;statcan-18-10-0004-01;cihi-hcrs-indicators;chca-high-value-home-care;pei-home-care
371,PE,LPN_RPN,2021,0.857,27.36,27.36,35.99,44.63,1.28,35.02,57.13,42.47,1.18,statcan-14-10-0417-01;statcan-18-10-0004-01;cihi-hcrs-indicators;chca-high-value-home-care;pei-home-care
372,PE,LPN_RPN,2022,0.919,29.33,29.33,38.6,47.86,1.28,37.54,61.26,45.55,1.18,statcan-14-10-0417-01;statcan-18-10-0004-01;cihi-hcrs-indicators;chca-high-value-home-care;pei-home-care
373,PE,LPN_RPN,2023,0.964,30.77,30.77,40.49,50.21,1.28,39.39,64.27,47.78,1.18,statcan-14-10-0417-01;statcan-18-10-0004-01;cihi-hcrs-indicators;chca-high-value-home-care;pei-home-care
374,PE,LPN_RPN,2024,0.992,31.66,31.66,41.66,51.66,1.28,40.52,66.12,49.16,1.18,statcan-14-10-0417-01;statcan-18-10-0004-01;cihi-hcrs-indicators;chca-high-value-home-care;pei-home-care
375,PE,LPN_RPN,2025,0.996,31.79,31.79,41.83,51.87,1.28,40.69,66.39,49.36,1.18,statcan-14-10-0417-01;statcan-18-10-0004-01;cihi-hcrs-indicators;chca-high-value-home-care;pei-home-care
376,PE,LPN_RPN,2026,1.0,31.92,31.92,42.0,52.08,1.28,40.86,66.66,49.56,1.18,statcan-14-10-0417-01;statcan-18-10-0004-01;cihi-hcrs-indicators;chca-high-value-home-care;pei-home-care
377,PE,RN,2019,0.815,36.97,36.97,51.0,65.04,1.28,47.32,83.25,60.18,1.18,statcan-14-10-0417-01;statcan-18-10-0004-01;cihi-hcrs-indicators;chca-high-value-home-care;pei-home-care
378,PE,RN,2020,0.831,37.69,37.69,52.0,66.31,1.28,48.24,84.88,61.36,1.18,statcan-14-10-0417-01;statcan-18-10-0004-01;cihi-hcrs-indicators;chca-high-value-home-care;pei-home-care
379,PE,RN,2021,0.857,38.87,38.87,53.63,68.39,1.28,49.75,87.54,63.28,1.18,statcan-14-10-0417-01;statcan-18-10-0004-01;cihi-hcrs-indicators;chca-high-value-home-care;pei-home-care
380,PE,RN,2022,0.919,41.69,41.69,57.51,73.34,1.28,53.36,93.88,67.86,1.18,statcan-14-10-0417-01;statcan-18-10-0004-01;cihi-hcrs-indicators;chca-high-value-home-care;pei-home-care
381,PE,RN,2023,0.964,43.73,43.73,60.33,76.93,1.28,55.97,98.47,71.19,1.18,statcan-14-10-0417-01;statcan-18-10-0004-01;cihi-hcrs-indicators;chca-high-value-home-care;pei-home-care
382,PE,RN,2024,0.992,45.0,45.0,62.08,79.16,1.28,57.6,101.32,73.25,1.18,statcan-14-10-0417-01;statcan-18-10-0004-01;cihi-hcrs-indicators;chca-high-value-home-care;pei-home-care
383,PE,RN,2025,0.996,45.18,45.18,62.33,79.48,1.28,57.83,101.73,73.55,1.18,statcan-14-10-0417-01;statcan-18-10-0004-01;cihi-hcrs-indicators;chca-high-value-home-care;pei-home-care
384,PE,RN,2026,1.0,45.36,45.36,62.58,79.8,1.28,58.06,102.14,73.84,1.18,statcan-14-10-0417-01;statcan-18-10-0004-01;cihi-hcrs-indicators;chca-high-value-home-care;pei-home-care
385,PE,Housekeeper_Private,2019,0.815,15.06,15.06,19.85,24.65,1.28,19.28,31.55,23.42,1.18,statcan-14-10-0417-01;statcan-18-10-0004-01;pei-home-care
386,PE,Housekeeper_Private,2020,0.831,15.36,15.36,20.24,25.13,1.28,19.66,32.17,23.88,1.18,statcan-14-10-0417-01;statcan-18-10-0004-01;pei-home-care
387,PE,Housekeeper_Private,2021,0.857,15.84,15.84,20.88,25.92,1.28,20.28,33.18,24.64,1.18,statcan-14-10-0417-01;statcan-18-10-0004-01;pei-home-care
388,PE,Housekeeper_Private,2022,0.919,16.98,16.98,22.39,27.79,1.28,21.73,35.57,26.42,1.18,statcan-14-10-0417-01;statcan-18-10-0004-01;pei-home-care
389,PE,Housekeeper_Private,2023,0.964,17.81,17.81,23.48,29.15,1.28,22.8,37.31,27.71,1.18,statcan-14-10-0417-01;statcan-18-10-0004-01;pei-home-care
390,PE,Housekeeper_Private,2024,0.992,18.33,18.33,24.17,30.0,1.28,23.46,38.4,28.52,1.18,statcan-14-10-0417-01;statcan-18-10-0004-01;pei-home-care
391,PE,Housekeeper_Private,2025,0.996,18.41,18.41,24.26,30.12,1.28,23.56,38.55,28.63,1.18,statcan-14-10-0417-01;statcan-18-10-0004-01;pei-home-care
392,PE,Housekeeper_Private,2026,1.0,18.48,18.48,24.36,30.24,1.28,23.65,38.71,28.74,1.18,statcan-14-10-0417-01;statcan-18-10-0004-01;pei-home-care
393,PE,Cleaning_Service_Agency,2019,0.815,26.01,26.01,35.26,44.5,1.28,33.29,56.96,41.61,1.18,statcan-14-10-0417-01;statcan-18-10-0004-01;pei-home-care
394,PE,Cleaning_Service_Agency,2020,0.831,26.53,26.53,35.95,45.37,1.28,33.96,58.07,42.42,1.18,statcan-14-10-0417-01;statcan-18-10-0004-01;pei-home-care
395,PE,Cleaning_Service_Agency,2021,0.857,27.36,27.36,37.07,46.79,1.28,35.02,59.89,43.74,1.18,statcan-14-10-0417-01;statcan-18-10-0004-01;pei-home-care
396,PE,Cleaning_Service_Agency,2022,0.919,29.33,29.33,39.76,50.18,1.28,37.54,64.23,46.92,1.18,statcan-14-10-0417-01;statcan-18-10-0004-01;pei-home-care
397,PE,Cleaning_Service_Agency,2023,0.964,30.77,30.77,41.7,52.63,1.28,39.39,67.37,49.21,1.18,statcan-14-10-0417-01;statcan-18-10-0004-01;pei-home-care
398,PE,Cleaning_Service_Agency,2024,0.992,31.66,31.66,42.91,54.16,1.28,40.52,69.32,50.63,1.18,statcan-14-10-0417-01;statcan-18-10-0004-01;pei-home-care
399,PE,Cleaning_Service_Agency,2025,0.996,31.79,31.79,43.09,54.38,1.28,40.69,69.61,50.85,1.18,statcan-14-10-0417-01;statcan-18-10-0004-01;pei-home-care
400,PE,Cleaning_Service_Agency,2026,1.0,31.92,31.92,43.26,54.6,1.28,40.86,69.89,51.05,1.18,statcan-14-10-0417-01;statcan-18-10-0004-01;pei-home-care
401,QC,PSW,2019,0.815,20.99,20.99,26.24,31.49,1.3,27.29,40.94,30.96,1.18,statcan-14-10-0417-01;statcan-18-10-0004-01;cihi-hcrs-indicators;chca-high-value-home-care;quebec-clsc-sad
402,QC,PSW,2020,0.831,21.41,21.41,26.76,32.11,1.3,27.83,41.74,31.58,1.18,statcan-14-10-0417-01;statcan-18-10-0004-01;cihi-hcrs-indicators;chca-high-value-home-care;quebec-clsc-sad
403,QC,PSW,2021,0.857,22.08,22.08,27.6,33.11,1.3,28.7,43.04,32.57,1.18,statcan-14-10-0417-01;statcan-18-10-0004-01;cihi-hcrs-indicators;chca-high-value-home-care;quebec-clsc-sad
404,QC,PSW,2022,0.919,23.67,23.67,29.59,35.51,1.3,30.77,46.16,34.92,1.18,statcan-14-10-0417-01;statcan-18-10-0004-01;cihi-hcrs-indicators;chca-high-value-home-care;quebec-clsc-sad
405,QC,PSW,2023,0.964,24.83,24.83,31.04,37.25,1.3,32.28,48.43,36.63,1.18,statcan-14-10-0417-01;statcan-18-10-0004-01;cihi-hcrs-indicators;chca-high-value-home-care;quebec-clsc-sad
406,QC,PSW,2024,0.992,25.55,25.55,31.94,38.33,1.3,33.22,49.83,37.69,1.18,statcan-14-10-0417-01;statcan-18-10-0004-01;cihi-hcrs-indicators;chca-high-value-home-care;quebec-clsc-sad
407,QC,PSW,2025,0.996,25.66,25.66,32.07,38.49,1.3,33.36,50.04,37.84,1.18,statcan-14-10-0417-01;statcan-18-10-0004-01;cihi-hcrs-indicators;chca-high-value-home-care;quebec-clsc-sad
408,QC,PSW,2026,1.0,25.76,25.76,32.2,38.64,1.3,33.49,50.23,38.0,1.18,statcan-14-10-0417-01;statcan-18-10-0004-01;cihi-hcrs-indicators;chca-high-value-home-care;quebec-clsc-sad
409,QC,LPN_RPN,2019,0.815,28.49,28.49,37.49,46.49,1.3,37.04,60.44,44.24,1.18,statcan-14-10-0417-01;statcan-18-10-0004-01;cihi-hcrs-indicators;chca-high-value-home-care;quebec-clsc-sad
410,QC,LPN_RPN,2020,0.831,29.05,29.05,38.23,47.4,1.3,37.77,61.62,45.11,1.18,statcan-14-10-0417-01;statcan-18-10-0004-01;cihi-hcrs-indicators;chca-high-value-home-care;quebec-clsc-sad
411,QC,LPN_RPN,2021,0.857,29.96,29.96,39.42,48.88,1.3,38.95,63.54,46.52,1.18,statcan-14-10-0417-01;statcan-18-10-0004-01;cihi-hcrs-indicators;chca-high-value-home-care;quebec-clsc-sad
412,QC,LPN_RPN,2022,0.919,32.13,32.13,42.27,52.42,1.3,41.77,68.15,49.88,1.18,statcan-14-10-0417-01;statcan-18-10-0004-01;cihi-hcrs-indicators;chca-high-value-home-care;quebec-clsc-sad
413,QC,LPN_RPN,2023,0.964,33.7,33.7,44.34,54.99,1.3,43.81,71.49,52.32,1.18,statcan-14-10-0417-01;statcan-18-10-0004-01;cihi-hcrs-indicators;chca-high-value-home-care;quebec-clsc-sad
414,QC,LPN_RPN,2024,0.992,34.68,34.68,45.63,56.58,1.3,45.08,73.55,53.84,1.18,statcan-14-10-0417-01;statcan-18-10-0004-01;cihi-hcrs-indicators;chca-high-value-home-care;quebec-clsc-sad
415,QC,LPN_RPN,2025,0.996,34.82,34.82,45.82,56.81,1.3,45.27,73.85,54.07,1.18,statcan-14-10-0417-01;statcan-18-10-0004-01;cihi-hcrs-indicators;chca-high-value-home-care;quebec-clsc-sad
416,QC,LPN_RPN,2026,1.0,34.96,34.96,46.0,57.04,1.3,45.45,74.15,54.28,1.18,statcan-14-10-0417-01;statcan-18-10-0004-01;cihi-hcrs-indicators;chca-high-value-home-care;quebec-clsc-sad
417,QC,RN,2019,0.815,40.49,40.49,55.86,71.23,1.3,52.64,92.6,65.91,1.18,statcan-14-10-0417-01;statcan-18-10-0004-01;cihi-hcrs-indicators;chca-high-value-home-care;quebec-clsc-sad
418,QC,RN,2020,0.831,41.28,41.28,56.96,72.63,1.3,53.66,94.42,67.21,1.18,statcan-14-10-0417-01;statcan-18-10-0004-01;cihi-hcrs-indicators;chca-high-value-home-care;quebec-clsc-sad
419,QC,RN,2021,0.857,42.58,42.58,58.74,74.9,1.3,55.35,97.37,69.31,1.18,statcan-14-10-0417-01;statcan-18-10-0004-01;cihi-hcrs-indicators;chca-high-value-home-care;quebec-clsc-sad
420,QC,RN,2022,0.919,45.66,45.66,62.99,80.32,1.3,59.36,104.42,74.33,1.18,statcan-14-10-0417-01;statcan-18-10-0004-01;cihi-hcrs-indicators;chca-high-value-home-care;quebec-clsc-sad
421,QC,RN,2023,0.964,47.89,47.89,66.07,84.25,1.3,62.26,109.53,77.96,1.18,statcan-14-10-0417-01;statcan-18-10-0004-01;cihi-hcrs-indicators;chca-high-value-home-care;quebec-clsc-sad
422,QC,RN,2024,0.992,49.28,49.28,67.99,86.7,1.3,64.06,112.71,80.23,1.18,statcan-14-10-0417-01;statcan-18-10-0004-01;cihi-hcrs-indicators;chca-high-value-home-care;quebec-clsc-sad
423,QC,RN,2025,0.996,49.48,49.48,68.27,87.05,1.3,64.32,113.17,80.56,1.18,statcan-14-10-0417-01;statcan-18-10-0004-01;cihi-hcrs-indicators;chca-high-value-home-care;quebec-clsc-sad
424,QC,RN,2026,1.0,49.68,49.68,68.54,87.4,1.3,64.58,113.62,80.88,1.18,statcan-14-10-0417-01;statcan-18-10-0004-01;cihi-hcrs-indicators;chca-high-value-home-care;quebec-clsc-sad
425,QC,Housekeeper_Private,2019,0.815,16.5,16.5,21.74,26.99,1.3,21.45,35.09,25.65,1.18,statcan-14-10-0417-01;statcan-18-10-0004-01;quebec-clsc-sad
426,QC,Housekeeper_Private,2020,0.831,16.82,16.82,22.17,27.52,1.3,21.87,35.78,26.16,1.18,statcan-14-10-0417-01;statcan-18-10-0004-01;quebec-clsc-sad
427,QC,Housekeeper_Private,2021,0.857,17.35,17.35,22.86,28.38,1.3,22.56,36.89,26.97,1.18,statcan-14-10-0417-01;statcan-18-10-0004-01;quebec-clsc-sad
428,QC,Housekeeper_Private,2022,0.919,18.6,18.6,24.52,30.44,1.3,24.18,39.57,28.93,1.18,statcan-14-10-0417-01;statcan-18-10-0004-01;quebec-clsc-sad
429,QC,Housekeeper_Private,2023,0.964,19.51,19.51,25.72,31.93,1.3,25.36,41.51,30.35,1.18,statcan-14-10-0417-01;statcan-18-10-0004-01;quebec-clsc-sad
430,QC,Housekeeper_Private,2024,0.992,20.08,20.08,26.47,32.86,1.3,26.1,42.72,31.23,1.18,statcan-14-10-0417-01;statcan-18-10-0004-01;quebec-clsc-sad
431,QC,Housekeeper_Private,2025,0.996,20.16,20.16,26.57,32.99,1.3,26.21,42.89,31.35,1.18,statcan-14-10-0417-01;statcan-18-10-0004-01;quebec-clsc-sad
432,QC,Housekeeper_Private,2026,1.0,20.24,20.24,26.68,33.12,1.3,26.31,43.06,31.48,1.18,statcan-14-10-0417-01;statcan-18-10-0004-01;quebec-clsc-sad
433,QC,Cleaning_Service_Agency,2019,0.815,28.49,28.49,38.61,48.74,1.3,37.04,63.36,45.56,1.18,statcan-14-10-0417-01;statcan-18-10-0004-01;quebec-clsc-sad
434,QC,Cleaning_Service_Agency,2020,0.831,29.05,29.05,39.37,49.69,1.3,37.77,64.6,46.46,1.18,statcan-14-10-0417-01;statcan-18-10-0004-01;quebec-clsc-sad
435,QC,Cleaning_Service_Agency,2021,0.857,29.96,29.96,40.6,51.25,1.3,38.95,66.62,47.91,1.18,statcan-14-10-0417-01;statcan-18-10-0004-01;quebec-clsc-sad
436,QC,Cleaning_Service_Agency,2022,0.919,32.13,32.13,43.54,54.96,1.3,41.77,71.45,51.38,1.18,statcan-14-10-0417-01;statcan-18-10-0004-01;quebec-clsc-sad
437,QC,Cleaning_Service_Agency,2023,0.964,33.7,33.7,45.67,57.65,1.3,43.81,74.95,53.89,1.18,statcan-14-10-0417-01;statcan-18-10-0004-01;quebec-clsc-sad
438,QC,Cleaning_Service_Agency,2024,0.992,34.68,34.68,47.0,59.32,1.3,45.08,77.12,55.46,1.18,statcan-14-10-0417-01;statcan-18-10-0004-01;quebec-clsc-sad
439,QC,Cleaning_Service_Agency,2025,0.996,34.82,34.82,47.19,59.56,1.3,45.27,77.43,55.68,1.18,statcan-14-10-0417-01;statcan-18-10-0004-01;quebec-clsc-sad
440,QC,Cleaning_Service_Agency,2026,1.0,34.96,34.96,47.38,59.8,1.3,45.45,77.74,55.91,1.18,statcan-14-10-0417-01;statcan-18-10-0004-01;quebec-clsc-sad
441,SK,HCA,2019,0.815,20.99,20.99,26.24,31.49,1.35,28.34,42.51,30.96,1.18,statcan-14-10-0417-01;statcan-18-10-0004-01;cihi-hcrs-indicators;chca-high-value-home-care;sha-home-care
442,SK,HCA,2020,0.831,21.41,21.41,26.76,32.11,1.35,28.9,43.35,31.58,1.18,statcan-14-10-0417-01;statcan-18-10-0004-01;cihi-hcrs-indicators;chca-high-value-home-care;sha-home-care
443,SK,HCA,2021,0.857,22.08,22.08,27.6,33.11,1.35,29.81,44.7,32.57,1.18,statcan-14-10-0417-01;statcan-18-10-0004-01;cihi-hcrs-indicators;chca-high-value-home-care;sha-home-care
444,SK,HCA,2022,0.919,23.67,23.67,29.59,35.51,1.35,31.95,47.94,34.92,1.18,statcan-14-10-0417-01;statcan-18-10-0004-01;cihi-hcrs-indicators;chca-high-value-home-care;sha-home-care
445,SK,HCA,2023,0.964,24.83,24.83,31.04,37.25,1.35,33.52,50.29,36.63,1.18,statcan-14-10-0417-01;statcan-18-10-0004-01;cihi-hcrs-indicators;chca-high-value-home-care;sha-home-care
446,SK,HCA,2024,0.992,25.55,25.55,31.94,38.33,1.35,34.49,51.75,37.69,1.18,statcan-14-10-0417-01;statcan-18-10-0004-01;cihi-hcrs-indicators;chca-high-value-home-care;sha-home-care
447,SK,HCA,2025,0.996,25.66,25.66,32.07,38.49,1.35,34.64,51.96,37.84,1.18,statcan-14-10-0417-01;statcan-18-10-0004-01;cihi-hcrs-indicators;chca-high-value-home-care;sha-home-care
448,SK,HCA,2026,1.0,25.76,25.76,32.2,38.64,1.35,34.78,52.16,38.0,1.18,statcan-14-10-0417-01;statcan-18-10-0004-01;cihi-hcrs-indicators;chca-high-value-home-care;sha-home-care
449,SK,LPN_RPN,2019,0.815,28.49,28.49,37.49,46.49,1.35,38.46,62.76,44.24,1.18,statcan-14-10-0417-01;statcan-18-10-0004-01;cihi-hcrs-indicators;chca-high-value-home-care;sha-home-care
450,SK,LPN_RPN,2020,0.831,29.05,29.05,38.23,47.4,1.35,39.22,63.99,45.11,1.18,statcan-14-10-0417-01;statcan-18-10-0004-01;cihi-hcrs-indicators;chca-high-value-home-care;sha-home-care
451,SK,LPN_RPN,2021,0.857,29.96,29.96,39.42,48.88,1.35,40.45,65.99,46.52,1.18,statcan-14-10-0417-01;statcan-18-10-0004-01;cihi-hcrs-indicators;chca-high-value-home-care;sha-home-care
452,SK,LPN_RPN,2022,0.919,32.13,32.13,42.27,52.42,1.35,43.38,70.77,49.88,1.18,statcan-14-10-0417-01;statcan-18-10-0004-01;cihi-hcrs-indicators;chca-high-value-home-care;sha-home-care
453,SK,LPN_RPN,2023,0.964,33.7,33.7,44.34,54.99,1.35,45.5,74.24,52.32,1.18,statcan-14-10-0417-01;statcan-18-10-0004-01;cihi-hcrs-indicators;chca-high-value-home-care;sha-home-care
454,SK,LPN_RPN,2024,0.992,34.68,34.68,45.63,56.58,1.35,46.82,76.38,53.84,1.18,statcan-14-10-0417-01;statcan-18-10-0004-01;cihi-hcrs-indicators;chca-high-value-home-care;sha-home-care
455,SK,LPN_RPN,2025,0.996,34.82,34.82,45.82,56.81,1.35,47.01,76.69,54.07,1.18,statcan-14-10-0417-01;statcan-18-10-0004-01;cihi-hcrs-indicators;chca-high-value-home-care;sha-home-care
456,SK,LPN_RPN,2026,1.0,34.96,34.96,46.0,57.04,1.35,47.2,77.0,54.28,1.18,statcan-14-10-0417-01;statcan-18-10-0004-01;cihi-hcrs-indicators;chca-high-value-home-care;sha-home-care
457,SK,RN,2019,0.815,40.49,40.49,55.86,71.23,1.35,54.66,96.16,65.91,1.18,statcan-14-10-0417-01;statcan-18-10-0004-01;cihi-hcrs-indicators;chca-high-value-home-care;sha-home-care
458,SK,RN,2020,0.831,41.28,41.28,56.96,72.63,1.35,55.73,98.05,67.21,1.18,statcan-14-10-0417-01;statcan-18-10-0004-01;cihi-hcrs-indicators;chca-high-value-home-care;sha-home-care
459,SK,RN,2021,0.857,42.58,42.58,58.74,74.9,1.35,57.48,101.12,69.31,1.18,statcan-14-10-0417-01;statcan-18-10-0004-01;cihi-hcrs-indicators;chca-high-value-home-care;sha-home-care
460,SK,RN,2022,0.919,45.66,45.66,62.99,80.32,1.35,61.64,108.43,74.33,1.18,statcan-14-10-0417-01;statcan-18-10-0004-01;cihi-hcrs-indicators;chca-high-value-home-care;sha-home-care
461,SK,RN,2023,0.964,47.89,47.89,66.07,84.25,1.35,64.65,113.74,77.96,1.18,statcan-14-10-0417-01;statcan-18-10-0004-01;cihi-hcrs-indicators;chca-high-value-home-care;sha-home-care
462,SK,RN,2024,0.992,49.28,49.28,67.99,86.7,1.35,66.53,117.05,80.23,1.18,statcan-14-10-0417-01;statcan-18-10-0004-01;cihi-hcrs-indicators;chca-high-value-home-care;sha-home-care
463,SK,RN,2025,0.996,49.48,49.48,68.27,87.05,1.35,66.8,117.52,80.56,1.18,statcan-14-10-0417-01;statcan-18-10-0004-01;cihi-hcrs-indicators;chca-high-value-home-care;sha-home-care
464,SK,RN,2026,1.0,49.68,49.68,68.54,87.4,1.35,67.07,117.99,80.88,1.18,statcan-14-10-0417-01;statcan-18-10-0004-01;cihi-hcrs-indicators;chca-high-value-home-care;sha-home-care
465,SK,Housekeeper_Private,2019,0.815,16.5,16.5,21.74,26.99,1.35,22.28,36.44,25.65,1.18,statcan-14-10-0417-01;statcan-18-10-0004-01;sha-home-care
466,SK,Housekeeper_Private,2020,0.831,16.82,16.82,22.17,27.52,1.35,22.71,37.15,26.16,1.18,statcan-14-10-0417-01;statcan-18-10-0004-01;sha-home-care
467,SK,Housekeeper_Private,2021,0.857,17.35,17.35,22.86,28.38,1.35,23.42,38.31,26.97,1.18,statcan-14-10-0417-01;statcan-18-10-0004-01;sha-home-care
468,SK,Housekeeper_Private,2022,0.919,18.6,18.6,24.52,30.44,1.35,25.11,41.09,28.93,1.18,statcan-14-10-0417-01;statcan-18-10-0004-01;sha-home-care
469,SK,Housekeeper_Private,2023,0.964,19.51,19.51,25.72,31.93,1.35,26.34,43.11,30.35,1.18,statcan-14-10-0417-01;statcan-18-10-0004-01;sha-home-care
470,SK,Housekeeper_Private,2024,0.992,20.08,20.08,26.47,32.86,1.35,27.11,44.36,31.23,1.18,statcan-14-10-0417-01;statcan-18-10-0004-01;sha-home-care
471,SK,Housekeeper_Private,2025,0.996,20.16,20.16,26.57,32.99,1.35,27.22,44.54,31.35,1.18,statcan-14-10-0417-01;statcan-18-10-0004-01;sha-home-care
472,SK,Housekeeper_Private,2026,1.0,20.24,20.24,26.68,33.12,1.35,27.32,44.71,31.48,1.18,statcan-14-10-0417-01;statcan-18-10-0004-01;sha-home-care
473,SK,Cleaning_Service_Agency,2019,0.815,28.49,28.49,38.61,48.74,1.35,38.46,65.8,45.56,1.18,statcan-14-10-0417-01;statcan-18-10-0004-01;sha-home-care
474,SK,Cleaning_Service_Agency,2020,0.831,29.05,29.05,39.37,49.69,1.35,39.22,67.08,46.46,1.18,statcan-14-10-0417-01;statcan-18-10-0004-01;sha-home-care
475,SK,Cleaning_Service_Agency,2021,0.857,29.96,29.96,40.6,51.25,1.35,40.45,69.19,47.91,1.18,statcan-14-10-0417-01;statcan-18-10-0004-01;sha-home-care
476,SK,Cleaning_Service_Agency,2022,0.919,32.13,32.13,43.54,54.96,1.35,43.38,74.2,51.38,1.18,statcan-14-10-0417-01;statcan-18-10-0004-01;sha-home-care
477,SK,Cleaning_Service_Agency,2023,0.964,33.7,33.7,45.67,57.65,1.35,45.5,77.83,53.89,1.18,statcan-14-10-0417-01;statcan-18-10-0004-01;sha-home-care
478,SK,Cleaning_Service_Agency,2024,0.992,34.68,34.68,47.0,59.32,1.35,46.82,80.08,55.46,1.18,statcan-14-10-0417-01;statcan-18-10-0004-01;sha-home-care
479,SK,Cleaning_Service_Agency,2025,0.996,34.82,34.82,47.19,59.56,1.35,47.01,80.41,55.68,1.18,statcan-14-10-0417-01;statcan-18-10-0004-01;sha-home-care
480,SK,Cleaning_Service_Agency,2026,1.0,34.96,34.96,47.38,59.8,1.35,47.2,80.73,55.91,1.18,statcan-14-10-0417-01;statcan-18-10-0004-01;sha-home-care
481,YT,HSW,2019,0.815,25.85,25.85,32.81,39.77,1.45,37.48,57.67,38.72,1.18,statcan-14-10-0417-01;statcan-18-10-0004-01;cihi-hcrs-indicators;chca-high-value-home-care;yukon-home-care
482,YT,HSW,2020,0.831,26.36,26.36,33.46,40.55,1.45,38.22,58.8,39.48,1.18,statcan-14-10-0417-01;statcan-18-10-0004-01;cihi-hcrs-indicators;chca-high-value-home-care;yukon-home-care
483,YT,HSW,2021,0.857,27.18,27.18,34.5,41.82,1.45,39.41,60.64,40.71,1.18,statcan-14-10-0417-01;statcan-18-10-0004-01;cihi-hcrs-indicators;chca-high-value-home-care;yukon-home-care
484,YT,HSW,2022,0.919,29.15,29.15,37.0,44.85,1.45,42.27,65.03,43.66,1.18,statcan-14-10-0417-01;statcan-18-10-0004-01;cihi-hcrs-indicators;chca-high-value-home-care;yukon-home-care
485,YT,HSW,2023,0.964,30.58,30.58,38.81,47.04,1.45,44.34,68.21,45.8,1.18,statcan-14-10-0417-01;statcan-18-10-0004-01;cihi-hcrs-indicators;chca-high-value-home-care;yukon-home-care
486,YT,HSW,2024,0.992,31.47,31.47,39.94,48.41,1.45,45.63,70.19,47.13,1.18,statcan-14-10-0417-01;statcan-18-10-0004-01;cihi-hcrs-indicators;chca-high-value-home-care;yukon-home-care
487,YT,HSW,2025,0.996,31.59,31.59,40.1,48.6,1.45,45.81,70.47,47.32,1.18,statcan-14-10-0417-01;statcan-18-10-0004-01;cihi-hcrs-indicators;chca-high-value-home-care;yukon-home-care
488,YT,HSW,2026,1.0,31.72,31.72,40.26,48.8,1.45,45.99,70.76,47.51,1.18,statcan-14-10-0417-01;statcan-18-10-0004-01;cihi-hcrs-indicators;chca-high-value-home-care;yukon-home-care
489,YT,LPN_RPN,2019,0.815,37.78,37.78,49.71,61.65,1.45,54.78,89.39,58.66,1.18,statcan-14-10-0417-01;statcan-18-10-0004-01;cihi-hcrs-indicators;chca-high-value-home-care;yukon-home-care
490,YT,LPN_RPN,2020,0.831,38.53,38.53,50.69,62.86,1.45,55.87,91.15,59.81,1.18,statcan-14-10-0417-01;statcan-18-10-0004-01;cihi-hcrs-indicators;chca-high-value-home-care;yukon-home-care
491,YT,LPN_RPN,2021,0.857,39.73,39.73,52.28,64.82,1.45,57.61,93.99,61.69,1.18,statcan-14-10-0417-01;statcan-18-10-0004-01;cihi-hcrs-indicators;chca-high-value-home-care;yukon-home-care
492,YT,LPN_RPN,2022,0.919,42.6,42.6,56.06,69.51,1.45,61.77,100.79,66.15,1.18,statcan-14-10-0417-01;statcan-18-10-0004-01;cihi-hcrs-indicators;chca-high-value-home-care;yukon-home-care
493,YT,LPN_RPN,2023,0.964,44.69,44.69,58.8,72.92,1.45,64.8,105.73,69.38,1.18,statcan-14-10-0417-01;statcan-18-10-0004-01;cihi-hcrs-indicators;chca-high-value-home-care;yukon-home-care
494,YT,LPN_RPN,2024,0.992,45.99,45.99,60.51,75.03,1.45,66.69,108.79,71.4,1.18,statcan-14-10-0417-01;statcan-18-10-0004-01;cihi-hcrs-indicators;chca-high-value-home-care;yukon-home-care
495,YT,LPN_RPN,2025,0.996,46.17,46.17,60.76,75.34,1.45,66.95,109.24,71.7,1.18,statcan-14-10-0417-01;statcan-18-10-0004-01;cihi-hcrs-indicators;chca-high-value-home-care;yukon-home-care
496,YT,LPN_RPN,2026,1.0,46.36,46.36,61.0,75.64,1.45,67.22,109.68,71.98,1.18,statcan-14-10-0417-01;statcan-18-10-0004-01;cihi-hcrs-indicators;chca-high-value-home-care;yukon-home-care
497,YT,RN,2019,0.815,53.69,53.69,74.08,94.46,1.45,77.85,136.97,87.41,1.18,statcan-14-10-0417-01;statcan-18-10-0004-01;cihi-hcrs-indicators;chca-high-value-home-care;yukon-home-care
498,YT,RN,2020,0.831,54.75,54.75,75.53,96.31,1.45,79.39,139.65,89.13,1.18,statcan-14-10-0417-01;statcan-18-10-0004-01;cihi-hcrs-indicators;chca-high-value-home-care;yukon-home-care
499,YT,RN,2021,0.857,56.46,56.46,77.89,99.33,1.45,81.87,144.03,91.91,1.18,statcan-14-10-0417-01;statcan-18-10-0004-01;cihi-hcrs-indicators;chca-high-value-home-care;yukon-home-care
500,YT,RN,2022,0.919,60.54,60.54,83.53,106.51,1.45,87.78,154.44,98.57,1.18,statcan-14-10-0417-01;statcan-18-10-0004-01;cihi-hcrs-indicators;chca-high-value-home-care;yukon-home-care
501,YT,RN,2023,0.964,63.51,63.51,87.62,111.73,1.45,92.09,162.01,103.39,1.18,statcan-14-10-0417-01;statcan-18-10-0004-01;cihi-hcrs-indicators;chca-high-value-home-care;yukon-home-care
502,YT,RN,2024,0.992,65.35,65.35,90.16,114.97,1.45,94.76,166.71,106.39,1.18,statcan-14-10-0417-01;statcan-18-10-0004-01;cihi-hcrs-indicators;chca-high-value-home-care;yukon-home-care
503,YT,RN,2025,0.996,65.62,65.62,90.53,115.44,1.45,95.15,167.39,106.83,1.18,statcan-14-10-0417-01;statcan-18-10-0004-01;cihi-hcrs-indicators;chca-high-value-home-care;yukon-home-care
504,YT,RN,2026,1.0,65.88,65.88,90.89,115.9,1.45,95.53,168.06,107.25,1.18,statcan-14-10-0417-01;statcan-18-10-0004-01;cihi-hcrs-indicators;chca-high-value-home-care;yukon-home-care
505,YT,Housekeeper_Private,2019,0.815,21.87,21.87,28.83,35.79,1.45,31.71,51.9,34.02,1.18,statcan-14-10-0417-01;statcan-18-10-0004-01;yukon-home-care
506,YT,Housekeeper_Private,2020,0.831,22.3,22.3,29.4,36.5,1.45,32.34,52.92,34.69,1.18,statcan-14-10-0417-01;statcan-18-10-0004-01;yukon-home-care
507,YT,Housekeeper_Private,2021,0.857,23.0,23.0,30.32,37.64,1.45,33.35,54.58,35.78,1.18,statcan-14-10-0417-01;statcan-18-10-0004-01;yukon-home-care
508,YT,Housekeeper_Private,2022,0.919,24.67,24.67,32.51,40.36,1.45,35.77,58.52,38.36,1.18,statcan-14-10-0417-01;statcan-18-10-0004-01;yukon-home-care
509,YT,Housekeeper_Private,2023,0.964,25.87,25.87,34.11,42.34,1.45,37.51,61.39,40.25,1.18,statcan-14-10-0417-01;statcan-18-10-0004-01;yukon-home-care
510,YT,Housekeeper_Private,2024,0.992,26.63,26.63,35.1,43.57,1.45,38.61,63.18,41.42,1.18,statcan-14-10-0417-01;statcan-18-10-0004-01;yukon-home-care
511,YT,Housekeeper_Private,2025,0.996,26.73,26.73,35.24,43.74,1.45,38.76,63.42,41.58,1.18,statcan-14-10-0417-01;statcan-18-10-0004-01;yukon-home-care
512,YT,Housekeeper_Private,2026,1.0,26.84,26.84,35.38,43.92,1.45,38.92,63.68,41.75,1.18,statcan-14-10-0417-01;statcan-18-10-0004-01;yukon-home-care
513,YT,Cleaning_Service_Agency,2019,0.815,37.78,37.78,51.21,64.63,1.45,54.78,93.71,60.43,1.18,statcan-14-10-0417-01;statcan-18-10-0004-01;yukon-home-care
514,YT,Cleaning_Service_Agency,2020,0.831,38.53,38.53,52.21,65.9,1.45,55.87,95.56,61.61,1.18,statcan-14-10-0417-01;statcan-18-10-0004-01;yukon-home-care
515,YT,Cleaning_Service_Agency,2021,0.857,39.73,39.73,53.85,67.96,1.45,57.61,98.54,63.54,1.18,statcan-14-10-0417-01;statcan-18-10-0004-01;yukon-home-care
516,YT,Cleaning_Service_Agency,2022,0.919,42.6,42.6,57.74,72.88,1.45,61.77,105.68,68.13,1.18,statcan-14-10-0417-01;statcan-18-10-0004-01;yukon-home-care
517,YT,Cleaning_Service_Agency,2023,0.964,44.69,44.69,60.57,76.45,1.45,64.8,110.85,71.47,1.18,statcan-14-10-0417-01;statcan-18-10-0004-01;yukon-home-care
518,YT,Cleaning_Service_Agency,2024,0.992,45.99,45.99,62.33,78.67,1.45,66.69,114.07,73.55,1.18,statcan-14-10-0417-01;statcan-18-10-0004-01;yukon-home-care
519,YT,Cleaning_Service_Agency,2025,0.996,46.17,46.17,62.58,78.98,1.45,66.95,114.52,73.84,1.18,statcan-14-10-0417-01;statcan-18-10-0004-01;yukon-home-care
520,YT,Cleaning_Service_Agency,2026,1.0,46.36,46.36,62.83,79.3,1.45,67.22,114.98,74.14,1.18,statcan-14-10-0417-01;statcan-18-10-0004-01;yukon-home-care
