id,jurisdiction_code,jurisdiction_name,region,urbanisation_index,service_category,service_category_full,regulated_scope,can_medication_administer,can_transfer_assist,can_bathing_toileting,can_wound_care_basic,can_catheter_ostomy,can_housekeeping,can_meal_prep,regulating_body,training_hours_min,certification_required,private_pay_rate_cad_low,private_pay_rate_cad_median,private_pay_rate_cad_high,agency_markup_typical,subsidized_program_name,subsidized_program_source_id,subsidized_program_url,subsidized_eligibility,subsidy_max_hours_per_week,subsidy_waitlist_typical_days,employer_obligations_private_hire,source_ids,source_retrieved_date,notes
1,ON,Ontario,Central,high,PSW,Personal Support Worker,"Assists with activities of daily living including bathing, toileting, dressing, feeding, ambulation, and transfers. May provide medication reminders but not administer controlled substances without delegation. Scope excludes wound care beyond basic dressing changes and clinical nursing procedures.",False,True,True,False,False,True,True,Ontario PSW Registry (voluntary); NACC curriculum standard,600,Voluntary,28.0,35.0,42.0,1.38,Home and Community Care Support Services (HCCSS),hccss-ontario,https://www.ontario.ca/page/homecare-seniors,Referral via HCCSS; needs-based; prioritises post-hospital,14,45,"CRA employer registration above threshold; CPP, EI, provincial WSIB/WorkSafe, T4",statcan-14-10-0417-01;statcan-18-10-0004-01;cihi-hcrs-indicators;chca-high-value-home-care;hccss-ontario,2026-04-09,
2,ON,Ontario,Central,high,LPN_RPN,Licensed Practical Nurse / Registered Practical Nurse,"Regulated nursing professional. Administers medications, performs wound care, manages catheters and ostomies, monitors vital signs. Scope varies by provincial regulating college. In Ontario the title is Registered Practical Nurse (RPN).",True,True,True,True,True,False,False,College of Nurses of Ontario (CNO),3500,Mandatory,38.0,50.0,62.0,1.38,Home and Community Care Support Services (HCCSS),hccss-ontario,https://www.ontario.ca/page/homecare-seniors,Referral via HCCSS; needs-based; prioritises post-hospital,14,45,Regulated nurse engagement; contractor or agency preferred; professional liability coverage,statcan-14-10-0417-01;statcan-18-10-0004-01;cihi-hcrs-indicators;chca-high-value-home-care;hccss-ontario,2026-04-09,
3,ON,Ontario,Central,high,RN,Registered Nurse,"Regulated nursing professional with independent clinical judgement. Full medication administration including IV, complex wound care, chronic disease management, care plan authorship.",True,True,True,True,True,False,False,College of Nurses of Ontario (CNO),5400,Mandatory,54.0,74.5,95.0,1.38,Home and Community Care Support Services (HCCSS),hccss-ontario,https://www.ontario.ca/page/homecare-seniors,Referral via HCCSS; needs-based; prioritises post-hospital,14,45,Regulated nurse engagement; contractor or agency preferred; professional liability coverage,statcan-14-10-0417-01;statcan-18-10-0004-01;cihi-hcrs-indicators;chca-high-value-home-care;hccss-ontario,2026-04-09,
4,ON,Ontario,Central,high,Companion,Companion / Sitter,"Provides social support, supervision, light errands, and transportation. Not authorised for personal care tasks such as bathing, toileting, or medication handling. Not a regulated occupation.",False,False,False,False,False,False,True,Unregulated,0,None,22.0,28.0,34.0,1.38,,,,,0.0,0,Often contractor; consult CRA employee-vs-contractor factors,statcan-14-10-0417-01;statcan-18-10-0004-01;hccss-ontario,2026-04-09,
5,ON,Ontario,Central,high,Housekeeper_Private,Housekeeper (private hire),"Performs cleaning, laundry, and basic meal preparation. Not authorised for any personal care task. Private-hire arrangements engage CRA employer obligations above statutory thresholds (CPP, EI, provincial WSIB, T4).",False,False,False,False,False,True,True,Unregulated,0,None,22.0,29.0,36.0,1.38,,,,,0.0,0,CRA employer determination likely; WSIB coverage assessment advised,statcan-14-10-0417-01;statcan-18-10-0004-01;hccss-ontario,2026-04-09,
6,ON,Ontario,Central,high,Cleaning_Service_Agency,Cleaning service (agency),"Agency-provided housekeeping with employer of record handling CPP, EI, WSIB, liability insurance, and staff supervision. Scope strictly limited to cleaning, laundry, and basic meal preparation. Not authorised for any personal care.",False,False,False,False,False,True,True,Unregulated occupation; agencies register with provincial employer-of-record authorities,0,None,38.0,51.5,65.0,1.38,,,,,0.0,0,None — agency is employer of record,statcan-14-10-0417-01;statcan-18-10-0004-01;hccss-ontario,2026-04-09,
7,QC,Quebec,Central,high,PSW,Personal Support Worker,"Assists with activities of daily living including bathing, toileting, dressing, feeding, ambulation, and transfers. May provide medication reminders but not administer controlled substances without delegation. Scope excludes wound care beyond basic dressing changes and clinical nursing procedures.",False,True,True,False,False,True,True,Ordre professionnel — Préposé aux bénéficiaires (DEP),870,Mandatory,25.76,32.2,38.64,1.3,Soutien à domicile — CLSC,quebec-clsc-sad,https://www.quebec.ca/en/health/health-system-and-services/home-support/home-care-services,Universal access through CLSC; user contribution may apply,20,60,"CRA employer registration above threshold; CPP, EI, provincial WSIB/WorkSafe, T4",statcan-14-10-0417-01;statcan-18-10-0004-01;cihi-hcrs-indicators;chca-high-value-home-care;quebec-clsc-sad,2026-04-09,
8,QC,Quebec,Central,high,LPN_RPN,Licensed Practical Nurse / Registered Practical Nurse,"Regulated nursing professional. Administers medications, performs wound care, manages catheters and ostomies, monitors vital signs. Scope varies by provincial regulating college. In Ontario the title is Registered Practical Nurse (RPN).",True,True,True,True,True,False,False,Ordre des infirmières et infirmiers auxiliaires du Québec (OIIAQ),3500,Mandatory,34.96,46.0,57.04,1.3,Soutien à domicile — CLSC,quebec-clsc-sad,https://www.quebec.ca/en/health/health-system-and-services/home-support/home-care-services,Universal access through CLSC; user contribution may apply,20,60,Regulated nurse engagement; contractor or agency preferred; professional liability coverage,statcan-14-10-0417-01;statcan-18-10-0004-01;cihi-hcrs-indicators;chca-high-value-home-care;quebec-clsc-sad,2026-04-09,
9,QC,Quebec,Central,high,RN,Registered Nurse,"Regulated nursing professional with independent clinical judgement. Full medication administration including IV, complex wound care, chronic disease management, care plan authorship.",True,True,True,True,True,False,False,Ordre des infirmières et infirmiers du Québec (OIIQ),5400,Mandatory,49.68,68.54,87.4,1.3,Soutien à domicile — CLSC,quebec-clsc-sad,https://www.quebec.ca/en/health/health-system-and-services/home-support/home-care-services,Universal access through CLSC; user contribution may apply,20,60,Regulated nurse engagement; contractor or agency preferred; professional liability coverage,statcan-14-10-0417-01;statcan-18-10-0004-01;cihi-hcrs-indicators;chca-high-value-home-care;quebec-clsc-sad,2026-04-09,
10,QC,Quebec,Central,high,Companion,Companion / Sitter,"Provides social support, supervision, light errands, and transportation. Not authorised for personal care tasks such as bathing, toileting, or medication handling. Not a regulated occupation.",False,False,False,False,False,False,True,Unregulated,0,None,20.24,25.76,31.28,1.3,,,,,0.0,0,Often contractor; consult CRA employee-vs-contractor factors,statcan-14-10-0417-01;statcan-18-10-0004-01;quebec-clsc-sad,2026-04-09,
11,QC,Quebec,Central,high,Housekeeper_Private,Housekeeper (private hire),"Performs cleaning, laundry, and basic meal preparation. Not authorised for any personal care task. Private-hire arrangements engage CRA employer obligations above statutory thresholds (CPP, EI, provincial WSIB, T4).",False,False,False,False,False,True,True,Unregulated,0,None,20.24,26.68,33.12,1.3,,,,,0.0,0,CRA employer determination likely; WSIB coverage assessment advised,statcan-14-10-0417-01;statcan-18-10-0004-01;quebec-clsc-sad,2026-04-09,
12,QC,Quebec,Central,high,Cleaning_Service_Agency,Cleaning service (agency),"Agency-provided housekeeping with employer of record handling CPP, EI, WSIB, liability insurance, and staff supervision. Scope strictly limited to cleaning, laundry, and basic meal preparation. Not authorised for any personal care.",False,False,False,False,False,True,True,Unregulated occupation; agencies register with provincial employer-of-record authorities,0,None,34.96,47.38,59.8,1.3,,,,,0.0,0,None — agency is employer of record,statcan-14-10-0417-01;statcan-18-10-0004-01;quebec-clsc-sad,2026-04-09,
13,BC,British Columbia,West,high,HCA,Health Care Aide,"Equivalent to PSW in scope; Alberta, Saskatchewan, and Manitoba title. Mandatory provincial registry in Alberta and British Columbia.",False,True,True,False,False,True,True,BC Care Aide and Community Health Worker Registry (mandatory),700,Mandatory,30.24,37.8,45.36,1.42,Home and Community Care (Health Authorities),gov-bc-home-community-care,https://www2.gov.bc.ca/gov/content/health/accessing-health-care/home-community-care,Needs assessment; client contribution based on income,16,30,"CRA employer registration above threshold; CPP, EI, provincial WSIB/WorkSafe, T4",statcan-14-10-0417-01;statcan-18-10-0004-01;cihi-hcrs-indicators;chca-high-value-home-care;gov-bc-home-community-care,2026-04-09,
14,BC,British Columbia,West,high,LPN_RPN,Licensed Practical Nurse / Registered Practical Nurse,"Regulated nursing professional. Administers medications, performs wound care, manages catheters and ostomies, monitors vital signs. Scope varies by provincial regulating college. In Ontario the title is Registered Practical Nurse (RPN).",True,True,True,True,True,False,False,BC College of Nurses and Midwives (BCCNM),3500,Mandatory,41.04,54.0,66.96,1.42,Home and Community Care (Health Authorities),gov-bc-home-community-care,https://www2.gov.bc.ca/gov/content/health/accessing-health-care/home-community-care,Needs assessment; client contribution based on income,16,30,Regulated nurse engagement; contractor or agency preferred; professional liability coverage,statcan-14-10-0417-01;statcan-18-10-0004-01;cihi-hcrs-indicators;chca-high-value-home-care;gov-bc-home-community-care,2026-04-09,
15,BC,British Columbia,West,high,RN,Registered Nurse,"Regulated nursing professional with independent clinical judgement. Full medication administration including IV, complex wound care, chronic disease management, care plan authorship.",True,True,True,True,True,False,False,BC College of Nurses and Midwives (BCCNM),5400,Mandatory,58.32,80.46,102.6,1.42,Home and Community Care (Health Authorities),gov-bc-home-community-care,https://www2.gov.bc.ca/gov/content/health/accessing-health-care/home-community-care,Needs assessment; client contribution based on income,16,30,Regulated nurse engagement; contractor or agency preferred; professional liability coverage,statcan-14-10-0417-01;statcan-18-10-0004-01;cihi-hcrs-indicators;chca-high-value-home-care;gov-bc-home-community-care,2026-04-09,
16,BC,British Columbia,West,high,Companion,Companion / Sitter,"Provides social support, supervision, light errands, and transportation. Not authorised for personal care tasks such as bathing, toileting, or medication handling. Not a regulated occupation.",False,False,False,False,False,False,True,Unregulated,0,None,23.76,30.24,36.72,1.42,,,,,0.0,0,Often contractor; consult CRA employee-vs-contractor factors,statcan-14-10-0417-01;statcan-18-10-0004-01;gov-bc-home-community-care,2026-04-09,
17,BC,British Columbia,West,high,Housekeeper_Private,Housekeeper (private hire),"Performs cleaning, laundry, and basic meal preparation. Not authorised for any personal care task. Private-hire arrangements engage CRA employer obligations above statutory thresholds (CPP, EI, provincial WSIB, T4).",False,False,False,False,False,True,True,Unregulated,0,None,23.76,31.32,38.88,1.42,,,,,0.0,0,CRA employer determination likely; WSIB coverage assessment advised,statcan-14-10-0417-01;statcan-18-10-0004-01;gov-bc-home-community-care,2026-04-09,
18,BC,British Columbia,West,high,Cleaning_Service_Agency,Cleaning service (agency),"Agency-provided housekeeping with employer of record handling CPP, EI, WSIB, liability insurance, and staff supervision. Scope strictly limited to cleaning, laundry, and basic meal preparation. Not authorised for any personal care.",False,False,False,False,False,True,True,Unregulated occupation; agencies register with provincial employer-of-record authorities,0,None,41.04,55.62,70.2,1.42,,,,,0.0,0,None — agency is employer of record,statcan-14-10-0417-01;statcan-18-10-0004-01;gov-bc-home-community-care,2026-04-09,
19,AB,Alberta,West,high,HCA,Health Care Aide,"Equivalent to PSW in scope; Alberta, Saskatchewan, and Manitoba title. Mandatory provincial registry in Alberta and British Columbia.",False,True,True,False,False,True,True,"Alberta Health Care Aide Directory (mandatory, AHS-operated)",780,Mandatory,29.4,36.75,44.1,1.4,Continuing Care at Home,ahs-continuing-care-at-home,https://www.albertahealthservices.ca/cc/page15517.aspx,AHS case manager assessment; bundled services,12,40,"CRA employer registration above threshold; CPP, EI, provincial WSIB/WorkSafe, T4",statcan-14-10-0417-01;statcan-18-10-0004-01;cihi-hcrs-indicators;chca-high-value-home-care;ahs-continuing-care-at-home,2026-04-09,
20,AB,Alberta,West,high,LPN_RPN,Licensed Practical Nurse / Registered Practical Nurse,"Regulated nursing professional. Administers medications, performs wound care, manages catheters and ostomies, monitors vital signs. Scope varies by provincial regulating college. In Ontario the title is Registered Practical Nurse (RPN).",True,True,True,True,True,False,False,College of Licensed Practical Nurses of Alberta (CLPNA),3500,Mandatory,39.9,52.5,65.1,1.4,Continuing Care at Home,ahs-continuing-care-at-home,https://www.albertahealthservices.ca/cc/page15517.aspx,AHS case manager assessment; bundled services,12,40,Regulated nurse engagement; contractor or agency preferred; professional liability coverage,statcan-14-10-0417-01;statcan-18-10-0004-01;cihi-hcrs-indicators;chca-high-value-home-care;ahs-continuing-care-at-home,2026-04-09,
21,AB,Alberta,West,high,RN,Registered Nurse,"Regulated nursing professional with independent clinical judgement. Full medication administration including IV, complex wound care, chronic disease management, care plan authorship.",True,True,True,True,True,False,False,College of Registered Nurses of Alberta (CRNA),5400,Mandatory,56.7,78.22,99.75,1.4,Continuing Care at Home,ahs-continuing-care-at-home,https://www.albertahealthservices.ca/cc/page15517.aspx,AHS case manager assessment; bundled services,12,40,Regulated nurse engagement; contractor or agency preferred; professional liability coverage,statcan-14-10-0417-01;statcan-18-10-0004-01;cihi-hcrs-indicators;chca-high-value-home-care;ahs-continuing-care-at-home,2026-04-09,
22,AB,Alberta,West,high,Companion,Companion / Sitter,"Provides social support, supervision, light errands, and transportation. Not authorised for personal care tasks such as bathing, toileting, or medication handling. Not a regulated occupation.",False,False,False,False,False,False,True,Unregulated,0,None,23.1,29.4,35.7,1.4,,,,,0.0,0,Often contractor; consult CRA employee-vs-contractor factors,statcan-14-10-0417-01;statcan-18-10-0004-01;ahs-continuing-care-at-home,2026-04-09,
23,AB,Alberta,West,high,Housekeeper_Private,Housekeeper (private hire),"Performs cleaning, laundry, and basic meal preparation. Not authorised for any personal care task. Private-hire arrangements engage CRA employer obligations above statutory thresholds (CPP, EI, provincial WSIB, T4).",False,False,False,False,False,True,True,Unregulated,0,None,23.1,30.45,37.8,1.4,,,,,0.0,0,CRA employer determination likely; WSIB coverage assessment advised,statcan-14-10-0417-01;statcan-18-10-0004-01;ahs-continuing-care-at-home,2026-04-09,
24,AB,Alberta,West,high,Cleaning_Service_Agency,Cleaning service (agency),"Agency-provided housekeeping with employer of record handling CPP, EI, WSIB, liability insurance, and staff supervision. Scope strictly limited to cleaning, laundry, and basic meal preparation. Not authorised for any personal care.",False,False,False,False,False,True,True,Unregulated occupation; agencies register with provincial employer-of-record authorities,0,None,39.9,54.08,68.25,1.4,,,,,0.0,0,None — agency is employer of record,statcan-14-10-0417-01;statcan-18-10-0004-01;ahs-continuing-care-at-home,2026-04-09,
25,SK,Saskatchewan,Prairie,medium,HCA,Health Care Aide,"Equivalent to PSW in scope; Alberta, Saskatchewan, and Manitoba title. Mandatory provincial registry in Alberta and British Columbia.",False,True,True,False,False,True,True,Saskatchewan Continuing Care Assistant Program (program-based),650,Voluntary,25.76,32.2,38.64,1.35,Saskatchewan Home Care,sha-home-care,https://www.saskhealthauthority.ca/our-services/services-directory/home-care,Regional Health Authority home care; income-based fees,10,35,"CRA employer registration above threshold; CPP, EI, provincial WSIB/WorkSafe, T4",statcan-14-10-0417-01;statcan-18-10-0004-01;cihi-hcrs-indicators;chca-high-value-home-care;sha-home-care,2026-04-09,
26,SK,Saskatchewan,Prairie,medium,LPN_RPN,Licensed Practical Nurse / Registered Practical Nurse,"Regulated nursing professional. Administers medications, performs wound care, manages catheters and ostomies, monitors vital signs. Scope varies by provincial regulating college. In Ontario the title is Registered Practical Nurse (RPN).",True,True,True,True,True,False,False,Saskatchewan Association of Licensed Practical Nurses (SALPN),3500,Mandatory,34.96,46.0,57.04,1.35,Saskatchewan Home Care,sha-home-care,https://www.saskhealthauthority.ca/our-services/services-directory/home-care,Regional Health Authority home care; income-based fees,10,35,Regulated nurse engagement; contractor or agency preferred; professional liability coverage,statcan-14-10-0417-01;statcan-18-10-0004-01;cihi-hcrs-indicators;chca-high-value-home-care;sha-home-care,2026-04-09,
27,SK,Saskatchewan,Prairie,medium,RN,Registered Nurse,"Regulated nursing professional with independent clinical judgement. Full medication administration including IV, complex wound care, chronic disease management, care plan authorship.",True,True,True,True,True,False,False,College of Registered Nurses of Saskatchewan (CRNS),5400,Mandatory,49.68,68.54,87.4,1.35,Saskatchewan Home Care,sha-home-care,https://www.saskhealthauthority.ca/our-services/services-directory/home-care,Regional Health Authority home care; income-based fees,10,35,Regulated nurse engagement; contractor or agency preferred; professional liability coverage,statcan-14-10-0417-01;statcan-18-10-0004-01;cihi-hcrs-indicators;chca-high-value-home-care;sha-home-care,2026-04-09,
28,SK,Saskatchewan,Prairie,medium,Companion,Companion / Sitter,"Provides social support, supervision, light errands, and transportation. Not authorised for personal care tasks such as bathing, toileting, or medication handling. Not a regulated occupation.",False,False,False,False,False,False,True,Unregulated,0,None,20.24,25.76,31.28,1.35,,,,,0.0,0,Often contractor; consult CRA employee-vs-contractor factors,statcan-14-10-0417-01;statcan-18-10-0004-01;sha-home-care,2026-04-09,
29,SK,Saskatchewan,Prairie,medium,Housekeeper_Private,Housekeeper (private hire),"Performs cleaning, laundry, and basic meal preparation. Not authorised for any personal care task. Private-hire arrangements engage CRA employer obligations above statutory thresholds (CPP, EI, provincial WSIB, T4).",False,False,False,False,False,True,True,Unregulated,0,None,20.24,26.68,33.12,1.35,,,,,0.0,0,CRA employer determination likely; WSIB coverage assessment advised,statcan-14-10-0417-01;statcan-18-10-0004-01;sha-home-care,2026-04-09,
30,SK,Saskatchewan,Prairie,medium,Cleaning_Service_Agency,Cleaning service (agency),"Agency-provided housekeeping with employer of record handling CPP, EI, WSIB, liability insurance, and staff supervision. Scope strictly limited to cleaning, laundry, and basic meal preparation. Not authorised for any personal care.",False,False,False,False,False,True,True,Unregulated occupation; agencies register with provincial employer-of-record authorities,0,None,34.96,47.38,59.8,1.35,,,,,0.0,0,None — agency is employer of record,statcan-14-10-0417-01;statcan-18-10-0004-01;sha-home-care,2026-04-09,
31,MB,Manitoba,Prairie,medium,HCA,Health Care Aide,"Equivalent to PSW in scope; Alberta, Saskatchewan, and Manitoba title. Mandatory provincial registry in Alberta and British Columbia.",False,True,True,False,False,True,True,Manitoba Health Care Aide Program (program-based),650,Voluntary,25.2,31.5,37.8,1.32,Manitoba Home Care Program,gov-mb-home-care,https://www.gov.mb.ca/health/homecare,Universal access; no user fee,12,30,"CRA employer registration above threshold; CPP, EI, provincial WSIB/WorkSafe, T4",statcan-14-10-0417-01;statcan-18-10-0004-01;cihi-hcrs-indicators;chca-high-value-home-care;gov-mb-home-care,2026-04-09,
32,MB,Manitoba,Prairie,medium,LPN_RPN,Licensed Practical Nurse / Registered Practical Nurse,"Regulated nursing professional. Administers medications, performs wound care, manages catheters and ostomies, monitors vital signs. Scope varies by provincial regulating college. In Ontario the title is Registered Practical Nurse (RPN).",True,True,True,True,True,False,False,College of Licensed Practical Nurses of Manitoba (CLPNM),3500,Mandatory,34.2,45.0,55.8,1.32,Manitoba Home Care Program,gov-mb-home-care,https://www.gov.mb.ca/health/homecare,Universal access; no user fee,12,30,Regulated nurse engagement; contractor or agency preferred; professional liability coverage,statcan-14-10-0417-01;statcan-18-10-0004-01;cihi-hcrs-indicators;chca-high-value-home-care;gov-mb-home-care,2026-04-09,
33,MB,Manitoba,Prairie,medium,RN,Registered Nurse,"Regulated nursing professional with independent clinical judgement. Full medication administration including IV, complex wound care, chronic disease management, care plan authorship.",True,True,True,True,True,False,False,College of Registered Nurses of Manitoba (CRNM),5400,Mandatory,48.6,67.05,85.5,1.32,Manitoba Home Care Program,gov-mb-home-care,https://www.gov.mb.ca/health/homecare,Universal access; no user fee,12,30,Regulated nurse engagement; contractor or agency preferred; professional liability coverage,statcan-14-10-0417-01;statcan-18-10-0004-01;cihi-hcrs-indicators;chca-high-value-home-care;gov-mb-home-care,2026-04-09,
34,MB,Manitoba,Prairie,medium,Companion,Companion / Sitter,"Provides social support, supervision, light errands, and transportation. Not authorised for personal care tasks such as bathing, toileting, or medication handling. Not a regulated occupation.",False,False,False,False,False,False,True,Unregulated,0,None,19.8,25.2,30.6,1.32,,,,,0.0,0,Often contractor; consult CRA employee-vs-contractor factors,statcan-14-10-0417-01;statcan-18-10-0004-01;gov-mb-home-care,2026-04-09,
35,MB,Manitoba,Prairie,medium,Housekeeper_Private,Housekeeper (private hire),"Performs cleaning, laundry, and basic meal preparation. Not authorised for any personal care task. Private-hire arrangements engage CRA employer obligations above statutory thresholds (CPP, EI, provincial WSIB, T4).",False,False,False,False,False,True,True,Unregulated,0,None,19.8,26.1,32.4,1.32,,,,,0.0,0,CRA employer determination likely; WSIB coverage assessment advised,statcan-14-10-0417-01;statcan-18-10-0004-01;gov-mb-home-care,2026-04-09,
36,MB,Manitoba,Prairie,medium,Cleaning_Service_Agency,Cleaning service (agency),"Agency-provided housekeeping with employer of record handling CPP, EI, WSIB, liability insurance, and staff supervision. Scope strictly limited to cleaning, laundry, and basic meal preparation. Not authorised for any personal care.",False,False,False,False,False,True,True,Unregulated occupation; agencies register with provincial employer-of-record authorities,0,None,34.2,46.35,58.5,1.32,,,,,0.0,0,None — agency is employer of record,statcan-14-10-0417-01;statcan-18-10-0004-01;gov-mb-home-care,2026-04-09,
37,NS,Nova Scotia,Atlantic,medium,HSW,Home Support Worker,Provides personal support and household assistance under home care program policies. Used in Atlantic provinces and some Northern territories.,False,True,True,False,False,True,True,NS Continuing Care Assistant Program,380,Program-based,22.88,29.04,35.2,1.3,Nova Scotia Continuing Care Home Care,nshealth-home-care,https://novascotia.ca/dhw/ccs/home-care.asp,Single point of entry; needs assessment; client contribution,10,40,"CRA employer registration above threshold; CPP, EI, provincial WSIB/WorkSafe, T4",statcan-14-10-0417-01;statcan-18-10-0004-01;cihi-hcrs-indicators;chca-high-value-home-care;nshealth-home-care,2026-04-09,
38,NS,Nova Scotia,Atlantic,medium,LPN_RPN,Licensed Practical Nurse / Registered Practical Nurse,"Regulated nursing professional. Administers medications, performs wound care, manages catheters and ostomies, monitors vital signs. Scope varies by provincial regulating college. In Ontario the title is Registered Practical Nurse (RPN).",True,True,True,True,True,False,False,Nova Scotia College of Nursing (NSCN),3500,Mandatory,33.44,44.0,54.56,1.3,Nova Scotia Continuing Care Home Care,nshealth-home-care,https://novascotia.ca/dhw/ccs/home-care.asp,Single point of entry; needs assessment; client contribution,10,40,Regulated nurse engagement; contractor or agency preferred; professional liability coverage,statcan-14-10-0417-01;statcan-18-10-0004-01;cihi-hcrs-indicators;chca-high-value-home-care;nshealth-home-care,2026-04-09,
39,NS,Nova Scotia,Atlantic,medium,RN,Registered Nurse,"Regulated nursing professional with independent clinical judgement. Full medication administration including IV, complex wound care, chronic disease management, care plan authorship.",True,True,True,True,True,False,False,Nova Scotia College of Nursing (NSCN),5400,Mandatory,47.52,65.56,83.6,1.3,Nova Scotia Continuing Care Home Care,nshealth-home-care,https://novascotia.ca/dhw/ccs/home-care.asp,Single point of entry; needs assessment; client contribution,10,40,Regulated nurse engagement; contractor or agency preferred; professional liability coverage,statcan-14-10-0417-01;statcan-18-10-0004-01;cihi-hcrs-indicators;chca-high-value-home-care;nshealth-home-care,2026-04-09,
40,NS,Nova Scotia,Atlantic,medium,Companion,Companion / Sitter,"Provides social support, supervision, light errands, and transportation. Not authorised for personal care tasks such as bathing, toileting, or medication handling. Not a regulated occupation.",False,False,False,False,False,False,True,Unregulated,0,None,19.36,24.64,29.92,1.3,,,,,0.0,0,Often contractor; consult CRA employee-vs-contractor factors,statcan-14-10-0417-01;statcan-18-10-0004-01;nshealth-home-care,2026-04-09,
41,NS,Nova Scotia,Atlantic,medium,Housekeeper_Private,Housekeeper (private hire),"Performs cleaning, laundry, and basic meal preparation. Not authorised for any personal care task. Private-hire arrangements engage CRA employer obligations above statutory thresholds (CPP, EI, provincial WSIB, T4).",False,False,False,False,False,True,True,Unregulated,0,None,19.36,25.52,31.68,1.3,,,,,0.0,0,CRA employer determination likely; WSIB coverage assessment advised,statcan-14-10-0417-01;statcan-18-10-0004-01;nshealth-home-care,2026-04-09,
42,NS,Nova Scotia,Atlantic,medium,Cleaning_Service_Agency,Cleaning service (agency),"Agency-provided housekeeping with employer of record handling CPP, EI, WSIB, liability insurance, and staff supervision. Scope strictly limited to cleaning, laundry, and basic meal preparation. Not authorised for any personal care.",False,False,False,False,False,True,True,Unregulated occupation; agencies register with provincial employer-of-record authorities,0,None,33.44,45.32,57.2,1.3,,,,,0.0,0,None — agency is employer of record,statcan-14-10-0417-01;statcan-18-10-0004-01;nshealth-home-care,2026-04-09,
43,NB,New Brunswick,Atlantic,medium,HSW,Home Support Worker,Provides personal support and household assistance under home care program policies. Used in Atlantic provinces and some Northern territories.,False,True,True,False,False,True,True,NB Community College Personal Support Worker Program,480,Program-based,22.36,28.38,34.4,1.28,New Brunswick Extra-Mural Program,gnb-extra-mural-program,https://www2.gnb.ca/content/gnb/en/departments/health/MedicarePrescriptionDrugPlan/TheExtraMuralProgram.html,Universal; medically necessary services only,12,35,"CRA employer registration above threshold; CPP, EI, provincial WSIB/WorkSafe, T4",statcan-14-10-0417-01;statcan-18-10-0004-01;cihi-hcrs-indicators;chca-high-value-home-care;gnb-extra-mural-program,2026-04-09,
44,NB,New Brunswick,Atlantic,medium,LPN_RPN,Licensed Practical Nurse / Registered Practical Nurse,"Regulated nursing professional. Administers medications, performs wound care, manages catheters and ostomies, monitors vital signs. Scope varies by provincial regulating college. In Ontario the title is Registered Practical Nurse (RPN).",True,True,True,True,True,False,False,Association of New Brunswick Licensed Practical Nurses (ANBLPN),3500,Mandatory,32.68,43.0,53.32,1.28,New Brunswick Extra-Mural Program,gnb-extra-mural-program,https://www2.gnb.ca/content/gnb/en/departments/health/MedicarePrescriptionDrugPlan/TheExtraMuralProgram.html,Universal; medically necessary services only,12,35,Regulated nurse engagement; contractor or agency preferred; professional liability coverage,statcan-14-10-0417-01;statcan-18-10-0004-01;cihi-hcrs-indicators;chca-high-value-home-care;gnb-extra-mural-program,2026-04-09,
45,NB,New Brunswick,Atlantic,medium,RN,Registered Nurse,"Regulated nursing professional with independent clinical judgement. Full medication administration including IV, complex wound care, chronic disease management, care plan authorship.",True,True,True,True,True,False,False,Nurses Association of New Brunswick (NANB),5400,Mandatory,46.44,64.07,81.7,1.28,New Brunswick Extra-Mural Program,gnb-extra-mural-program,https://www2.gnb.ca/content/gnb/en/departments/health/MedicarePrescriptionDrugPlan/TheExtraMuralProgram.html,Universal; medically necessary services only,12,35,Regulated nurse engagement; contractor or agency preferred; professional liability coverage,statcan-14-10-0417-01;statcan-18-10-0004-01;cihi-hcrs-indicators;chca-high-value-home-care;gnb-extra-mural-program,2026-04-09,
46,NB,New Brunswick,Atlantic,medium,Companion,Companion / Sitter,"Provides social support, supervision, light errands, and transportation. Not authorised for personal care tasks such as bathing, toileting, or medication handling. Not a regulated occupation.",False,False,False,False,False,False,True,Unregulated,0,None,18.92,24.08,29.24,1.28,,,,,0.0,0,Often contractor; consult CRA employee-vs-contractor factors,statcan-14-10-0417-01;statcan-18-10-0004-01;gnb-extra-mural-program,2026-04-09,
47,NB,New Brunswick,Atlantic,medium,Housekeeper_Private,Housekeeper (private hire),"Performs cleaning, laundry, and basic meal preparation. Not authorised for any personal care task. Private-hire arrangements engage CRA employer obligations above statutory thresholds (CPP, EI, provincial WSIB, T4).",False,False,False,False,False,True,True,Unregulated,0,None,18.92,24.94,30.96,1.28,,,,,0.0,0,CRA employer determination likely; WSIB coverage assessment advised,statcan-14-10-0417-01;statcan-18-10-0004-01;gnb-extra-mural-program,2026-04-09,
48,NB,New Brunswick,Atlantic,medium,Cleaning_Service_Agency,Cleaning service (agency),"Agency-provided housekeeping with employer of record handling CPP, EI, WSIB, liability insurance, and staff supervision. Scope strictly limited to cleaning, laundry, and basic meal preparation. Not authorised for any personal care.",False,False,False,False,False,True,True,Unregulated occupation; agencies register with provincial employer-of-record authorities,0,None,32.68,44.29,55.9,1.28,,,,,0.0,0,None — agency is employer of record,statcan-14-10-0417-01;statcan-18-10-0004-01;gnb-extra-mural-program,2026-04-09,
49,NL,Newfoundland and Labrador,Atlantic,medium,HSW,Home Support Worker,Provides personal support and household assistance under home care program policies. Used in Atlantic provinces and some Northern territories.,False,True,True,False,False,True,True,Eastern Health Personal Care Attendant Program,450,Program-based,23.4,29.7,36.0,1.3,Newfoundland and Labrador Home Support Program,nlh-home-care,https://www.nlhealthservices.ca/find-care/community-based-care/home-support-program/,Regional Health Authority; financial assessment,10,45,"CRA employer registration above threshold; CPP, EI, provincial WSIB/WorkSafe, T4",statcan-14-10-0417-01;statcan-18-10-0004-01;cihi-hcrs-indicators;chca-high-value-home-care;nlh-home-care,2026-04-09,
50,NL,Newfoundland and Labrador,Atlantic,medium,LPN_RPN,Licensed Practical Nurse / Registered Practical Nurse,"Regulated nursing professional. Administers medications, performs wound care, manages catheters and ostomies, monitors vital signs. Scope varies by provincial regulating college. In Ontario the title is Registered Practical Nurse (RPN).",True,True,True,True,True,False,False,College of Licensed Practical Nurses of Newfoundland and Labrador (CLPNNL),3500,Mandatory,34.2,45.0,55.8,1.3,Newfoundland and Labrador Home Support Program,nlh-home-care,https://www.nlhealthservices.ca/find-care/community-based-care/home-support-program/,Regional Health Authority; financial assessment,10,45,Regulated nurse engagement; contractor or agency preferred; professional liability coverage,statcan-14-10-0417-01;statcan-18-10-0004-01;cihi-hcrs-indicators;chca-high-value-home-care;nlh-home-care,2026-04-09,
51,NL,Newfoundland and Labrador,Atlantic,medium,RN,Registered Nurse,"Regulated nursing professional with independent clinical judgement. Full medication administration including IV, complex wound care, chronic disease management, care plan authorship.",True,True,True,True,True,False,False,College of Registered Nurses of Newfoundland and Labrador (CRNNL),5400,Mandatory,48.6,67.05,85.5,1.3,Newfoundland and Labrador Home Support Program,nlh-home-care,https://www.nlhealthservices.ca/find-care/community-based-care/home-support-program/,Regional Health Authority; financial assessment,10,45,Regulated nurse engagement; contractor or agency preferred; professional liability coverage,statcan-14-10-0417-01;statcan-18-10-0004-01;cihi-hcrs-indicators;chca-high-value-home-care;nlh-home-care,2026-04-09,
52,NL,Newfoundland and Labrador,Atlantic,medium,Companion,Companion / Sitter,"Provides social support, supervision, light errands, and transportation. Not authorised for personal care tasks such as bathing, toileting, or medication handling. Not a regulated occupation.",False,False,False,False,False,False,True,Unregulated,0,None,19.8,25.2,30.6,1.3,,,,,0.0,0,Often contractor; consult CRA employee-vs-contractor factors,statcan-14-10-0417-01;statcan-18-10-0004-01;nlh-home-care,2026-04-09,
53,NL,Newfoundland and Labrador,Atlantic,medium,Housekeeper_Private,Housekeeper (private hire),"Performs cleaning, laundry, and basic meal preparation. Not authorised for any personal care task. Private-hire arrangements engage CRA employer obligations above statutory thresholds (CPP, EI, provincial WSIB, T4).",False,False,False,False,False,True,True,Unregulated,0,None,19.8,26.1,32.4,1.3,,,,,0.0,0,CRA employer determination likely; WSIB coverage assessment advised,statcan-14-10-0417-01;statcan-18-10-0004-01;nlh-home-care,2026-04-09,
54,NL,Newfoundland and Labrador,Atlantic,medium,Cleaning_Service_Agency,Cleaning service (agency),"Agency-provided housekeeping with employer of record handling CPP, EI, WSIB, liability insurance, and staff supervision. Scope strictly limited to cleaning, laundry, and basic meal preparation. Not authorised for any personal care.",False,False,False,False,False,True,True,Unregulated occupation; agencies register with provincial employer-of-record authorities,0,None,34.2,46.35,58.5,1.3,,,,,0.0,0,None — agency is employer of record,statcan-14-10-0417-01;statcan-18-10-0004-01;nlh-home-care,2026-04-09,
55,PE,Prince Edward Island,Atlantic,low,HSW,Home Support Worker,Provides personal support and household assistance under home care program policies. Used in Atlantic provinces and some Northern territories.,False,True,True,False,False,True,True,Health PEI Resident Care Worker Program,450,Program-based,21.84,27.72,33.6,1.28,Health PEI Home Care,pei-home-care,https://www.princeedwardisland.ca/en/information/health-pei/home-care,"Universal; no user fee for nursing, income-tested for home support",8,30,"CRA employer registration above threshold; CPP, EI, provincial WSIB/WorkSafe, T4",statcan-14-10-0417-01;statcan-18-10-0004-01;cihi-hcrs-indicators;chca-high-value-home-care;pei-home-care,2026-04-09,
56,PE,Prince Edward Island,Atlantic,low,LPN_RPN,Licensed Practical Nurse / Registered Practical Nurse,"Regulated nursing professional. Administers medications, performs wound care, manages catheters and ostomies, monitors vital signs. Scope varies by provincial regulating college. In Ontario the title is Registered Practical Nurse (RPN).",True,True,True,True,True,False,False,Association of Prince Edward Island Licensed Practical Nurses,3500,Mandatory,31.92,42.0,52.08,1.28,Health PEI Home Care,pei-home-care,https://www.princeedwardisland.ca/en/information/health-pei/home-care,"Universal; no user fee for nursing, income-tested for home support",8,30,Regulated nurse engagement; contractor or agency preferred; professional liability coverage,statcan-14-10-0417-01;statcan-18-10-0004-01;cihi-hcrs-indicators;chca-high-value-home-care;pei-home-care,2026-04-09,
57,PE,Prince Edward Island,Atlantic,low,RN,Registered Nurse,"Regulated nursing professional with independent clinical judgement. Full medication administration including IV, complex wound care, chronic disease management, care plan authorship.",True,True,True,True,True,False,False,College of Registered Nurses of Prince Edward Island,5400,Mandatory,45.36,62.58,79.8,1.28,Health PEI Home Care,pei-home-care,https://www.princeedwardisland.ca/en/information/health-pei/home-care,"Universal; no user fee for nursing, income-tested for home support",8,30,Regulated nurse engagement; contractor or agency preferred; professional liability coverage,statcan-14-10-0417-01;statcan-18-10-0004-01;cihi-hcrs-indicators;chca-high-value-home-care;pei-home-care,2026-04-09,
58,PE,Prince Edward Island,Atlantic,low,Companion,Companion / Sitter,"Provides social support, supervision, light errands, and transportation. Not authorised for personal care tasks such as bathing, toileting, or medication handling. Not a regulated occupation.",False,False,False,False,False,False,True,Unregulated,0,None,18.48,23.52,28.56,1.28,,,,,0.0,0,Often contractor; consult CRA employee-vs-contractor factors,statcan-14-10-0417-01;statcan-18-10-0004-01;pei-home-care,2026-04-09,
59,PE,Prince Edward Island,Atlantic,low,Housekeeper_Private,Housekeeper (private hire),"Performs cleaning, laundry, and basic meal preparation. Not authorised for any personal care task. Private-hire arrangements engage CRA employer obligations above statutory thresholds (CPP, EI, provincial WSIB, T4).",False,False,False,False,False,True,True,Unregulated,0,None,18.48,24.36,30.24,1.28,,,,,0.0,0,CRA employer determination likely; WSIB coverage assessment advised,statcan-14-10-0417-01;statcan-18-10-0004-01;pei-home-care,2026-04-09,
60,PE,Prince Edward Island,Atlantic,low,Cleaning_Service_Agency,Cleaning service (agency),"Agency-provided housekeeping with employer of record handling CPP, EI, WSIB, liability insurance, and staff supervision. Scope strictly limited to cleaning, laundry, and basic meal preparation. Not authorised for any personal care.",False,False,False,False,False,True,True,Unregulated occupation; agencies register with provincial employer-of-record authorities,0,None,31.92,43.26,54.6,1.28,,,,,0.0,0,None — agency is employer of record,statcan-14-10-0417-01;statcan-18-10-0004-01;pei-home-care,2026-04-09,
61,YT,Yukon,North,low,HSW,Home Support Worker,Provides personal support and household assistance under home care program policies. Used in Atlantic provinces and some Northern territories.,False,True,True,False,False,True,True,Yukon Health and Social Services Home Care Program,380,Program-based,31.72,40.26,48.8,1.45,Yukon Home Care Program,yukon-home-care,https://yukon.ca/en/health-and-wellness/care-services/apply-home-care,"Territorial; universal access, limited provider capacity",10,20,"CRA employer registration above threshold; CPP, EI, provincial WSIB/WorkSafe, T4",statcan-14-10-0417-01;statcan-18-10-0004-01;cihi-hcrs-indicators;chca-high-value-home-care;yukon-home-care,2026-04-09,
62,YT,Yukon,North,low,LPN_RPN,Licensed Practical Nurse / Registered Practical Nurse,"Regulated nursing professional. Administers medications, performs wound care, manages catheters and ostomies, monitors vital signs. Scope varies by provincial regulating college. In Ontario the title is Registered Practical Nurse (RPN).",True,True,True,True,True,False,False,Yukon Registered Nurses Association (LPN registry),3500,Mandatory,46.36,61.0,75.64,1.45,Yukon Home Care Program,yukon-home-care,https://yukon.ca/en/health-and-wellness/care-services/apply-home-care,"Territorial; universal access, limited provider capacity",10,20,Regulated nurse engagement; contractor or agency preferred; professional liability coverage,statcan-14-10-0417-01;statcan-18-10-0004-01;cihi-hcrs-indicators;chca-high-value-home-care;yukon-home-care,2026-04-09,
63,YT,Yukon,North,low,RN,Registered Nurse,"Regulated nursing professional with independent clinical judgement. Full medication administration including IV, complex wound care, chronic disease management, care plan authorship.",True,True,True,True,True,False,False,Yukon Registered Nurses Association,5400,Mandatory,65.88,90.89,115.9,1.45,Yukon Home Care Program,yukon-home-care,https://yukon.ca/en/health-and-wellness/care-services/apply-home-care,"Territorial; universal access, limited provider capacity",10,20,Regulated nurse engagement; contractor or agency preferred; professional liability coverage,statcan-14-10-0417-01;statcan-18-10-0004-01;cihi-hcrs-indicators;chca-high-value-home-care;yukon-home-care,2026-04-09,
64,YT,Yukon,North,low,Companion,Companion / Sitter,"Provides social support, supervision, light errands, and transportation. Not authorised for personal care tasks such as bathing, toileting, or medication handling. Not a regulated occupation.",False,False,False,False,False,False,True,Unregulated,0,None,26.84,34.16,41.48,1.45,,,,,0.0,0,Often contractor; consult CRA employee-vs-contractor factors,statcan-14-10-0417-01;statcan-18-10-0004-01;yukon-home-care,2026-04-09,
65,YT,Yukon,North,low,Housekeeper_Private,Housekeeper (private hire),"Performs cleaning, laundry, and basic meal preparation. Not authorised for any personal care task. Private-hire arrangements engage CRA employer obligations above statutory thresholds (CPP, EI, provincial WSIB, T4).",False,False,False,False,False,True,True,Unregulated,0,None,26.84,35.38,43.92,1.45,,,,,0.0,0,CRA employer determination likely; WSIB coverage assessment advised,statcan-14-10-0417-01;statcan-18-10-0004-01;yukon-home-care,2026-04-09,
66,YT,Yukon,North,low,Cleaning_Service_Agency,Cleaning service (agency),"Agency-provided housekeeping with employer of record handling CPP, EI, WSIB, liability insurance, and staff supervision. Scope strictly limited to cleaning, laundry, and basic meal preparation. Not authorised for any personal care.",False,False,False,False,False,True,True,Unregulated occupation; agencies register with provincial employer-of-record authorities,0,None,46.36,62.83,79.3,1.45,,,,,0.0,0,None — agency is employer of record,statcan-14-10-0417-01;statcan-18-10-0004-01;yukon-home-care,2026-04-09,
67,NT,Northwest Territories,North,low,HSW,Home Support Worker,Provides personal support and household assistance under home care program policies. Used in Atlantic provinces and some Northern territories.,False,True,True,False,False,True,True,GNWT Department of Health and Social Services,380,Program-based,35.1,44.55,54.0,1.5,NWT Home and Community Care,gnwt-home-community-care,https://www.hss.gov.nt.ca/en/services/home-and-community-care,Universal; community-based delivery,8,25,"CRA employer registration above threshold; CPP, EI, provincial WSIB/WorkSafe, T4",statcan-14-10-0417-01;statcan-18-10-0004-01;cihi-hcrs-indicators;chca-high-value-home-care;gnwt-home-community-care,2026-04-09,
68,NT,Northwest Territories,North,low,LPN_RPN,Licensed Practical Nurse / Registered Practical Nurse,"Regulated nursing professional. Administers medications, performs wound care, manages catheters and ostomies, monitors vital signs. Scope varies by provincial regulating college. In Ontario the title is Registered Practical Nurse (RPN).",True,True,True,True,True,False,False,Registered Nurses Association of the Northwest Territories and Nunavut,3500,Mandatory,51.3,67.5,83.7,1.5,NWT Home and Community Care,gnwt-home-community-care,https://www.hss.gov.nt.ca/en/services/home-and-community-care,Universal; community-based delivery,8,25,Regulated nurse engagement; contractor or agency preferred; professional liability coverage,statcan-14-10-0417-01;statcan-18-10-0004-01;cihi-hcrs-indicators;chca-high-value-home-care;gnwt-home-community-care,2026-04-09,
69,NT,Northwest Territories,North,low,RN,Registered Nurse,"Regulated nursing professional with independent clinical judgement. Full medication administration including IV, complex wound care, chronic disease management, care plan authorship.",True,True,True,True,True,False,False,Registered Nurses Association of the Northwest Territories and Nunavut,5400,Mandatory,72.9,100.58,128.25,1.5,NWT Home and Community Care,gnwt-home-community-care,https://www.hss.gov.nt.ca/en/services/home-and-community-care,Universal; community-based delivery,8,25,Regulated nurse engagement; contractor or agency preferred; professional liability coverage,statcan-14-10-0417-01;statcan-18-10-0004-01;cihi-hcrs-indicators;chca-high-value-home-care;gnwt-home-community-care,2026-04-09,
70,NT,Northwest Territories,North,low,Companion,Companion / Sitter,"Provides social support, supervision, light errands, and transportation. Not authorised for personal care tasks such as bathing, toileting, or medication handling. Not a regulated occupation.",False,False,False,False,False,False,True,Unregulated,0,None,29.7,37.8,45.9,1.5,,,,,0.0,0,Often contractor; consult CRA employee-vs-contractor factors,statcan-14-10-0417-01;statcan-18-10-0004-01;gnwt-home-community-care,2026-04-09,
71,NT,Northwest Territories,North,low,Housekeeper_Private,Housekeeper (private hire),"Performs cleaning, laundry, and basic meal preparation. Not authorised for any personal care task. Private-hire arrangements engage CRA employer obligations above statutory thresholds (CPP, EI, provincial WSIB, T4).",False,False,False,False,False,True,True,Unregulated,0,None,29.7,39.15,48.6,1.5,,,,,0.0,0,CRA employer determination likely; WSIB coverage assessment advised,statcan-14-10-0417-01;statcan-18-10-0004-01;gnwt-home-community-care,2026-04-09,
72,NT,Northwest Territories,North,low,Cleaning_Service_Agency,Cleaning service (agency),"Agency-provided housekeeping with employer of record handling CPP, EI, WSIB, liability insurance, and staff supervision. Scope strictly limited to cleaning, laundry, and basic meal preparation. Not authorised for any personal care.",False,False,False,False,False,True,True,Unregulated occupation; agencies register with provincial employer-of-record authorities,0,None,51.3,69.53,87.75,1.5,,,,,0.0,0,None — agency is employer of record,statcan-14-10-0417-01;statcan-18-10-0004-01;gnwt-home-community-care,2026-04-09,
73,NU,Nunavut,North,low,HSW,Home Support Worker,Provides personal support and household assistance under home care program policies. Used in Atlantic provinces and some Northern territories.,False,True,True,False,False,True,True,GN Department of Health,380,Program-based,39.0,49.5,60.0,1.55,Nunavut Home and Community Care,gn-home-community-care,https://www.gov.nu.ca/health/information/home-and-community-care,Community-based; limited capacity outside Iqaluit,6,30,"CRA employer registration above threshold; CPP, EI, provincial WSIB/WorkSafe, T4",statcan-14-10-0417-01;statcan-18-10-0004-01;cihi-hcrs-indicators;chca-high-value-home-care;gn-home-community-care,2026-04-09,
74,NU,Nunavut,North,low,LPN_RPN,Licensed Practical Nurse / Registered Practical Nurse,"Regulated nursing professional. Administers medications, performs wound care, manages catheters and ostomies, monitors vital signs. Scope varies by provincial regulating college. In Ontario the title is Registered Practical Nurse (RPN).",True,True,True,True,True,False,False,Registered Nurses Association of the Northwest Territories and Nunavut,3500,Mandatory,57.0,75.0,93.0,1.55,Nunavut Home and Community Care,gn-home-community-care,https://www.gov.nu.ca/health/information/home-and-community-care,Community-based; limited capacity outside Iqaluit,6,30,Regulated nurse engagement; contractor or agency preferred; professional liability coverage,statcan-14-10-0417-01;statcan-18-10-0004-01;cihi-hcrs-indicators;chca-high-value-home-care;gn-home-community-care,2026-04-09,
75,NU,Nunavut,North,low,RN,Registered Nurse,"Regulated nursing professional with independent clinical judgement. Full medication administration including IV, complex wound care, chronic disease management, care plan authorship.",True,True,True,True,True,False,False,Registered Nurses Association of the Northwest Territories and Nunavut,5400,Mandatory,81.0,111.75,142.5,1.55,Nunavut Home and Community Care,gn-home-community-care,https://www.gov.nu.ca/health/information/home-and-community-care,Community-based; limited capacity outside Iqaluit,6,30,Regulated nurse engagement; contractor or agency preferred; professional liability coverage,statcan-14-10-0417-01;statcan-18-10-0004-01;cihi-hcrs-indicators;chca-high-value-home-care;gn-home-community-care,2026-04-09,
76,NU,Nunavut,North,low,Companion,Companion / Sitter,"Provides social support, supervision, light errands, and transportation. Not authorised for personal care tasks such as bathing, toileting, or medication handling. Not a regulated occupation.",False,False,False,False,False,False,True,Unregulated,0,None,33.0,42.0,51.0,1.55,,,,,0.0,0,Often contractor; consult CRA employee-vs-contractor factors,statcan-14-10-0417-01;statcan-18-10-0004-01;gn-home-community-care,2026-04-09,
77,NU,Nunavut,North,low,Housekeeper_Private,Housekeeper (private hire),"Performs cleaning, laundry, and basic meal preparation. Not authorised for any personal care task. Private-hire arrangements engage CRA employer obligations above statutory thresholds (CPP, EI, provincial WSIB, T4).",False,False,False,False,False,True,True,Unregulated,0,None,33.0,43.5,54.0,1.55,,,,,0.0,0,CRA employer determination likely; WSIB coverage assessment advised,statcan-14-10-0417-01;statcan-18-10-0004-01;gn-home-community-care,2026-04-09,
78,NU,Nunavut,North,low,Cleaning_Service_Agency,Cleaning service (agency),"Agency-provided housekeeping with employer of record handling CPP, EI, WSIB, liability insurance, and staff supervision. Scope strictly limited to cleaning, laundry, and basic meal preparation. Not authorised for any personal care.",False,False,False,False,False,True,True,Unregulated occupation; agencies register with provincial employer-of-record authorities,0,None,57.0,77.25,97.5,1.55,,,,,0.0,0,None — agency is employer of record,statcan-14-10-0417-01;statcan-18-10-0004-01;gn-home-community-care,2026-04-09,
79,CA-FED,Canada — Veterans Affairs,Federal,n/a,VAC_VIP,Veterans Independence Program,"VAC-funded home support services (housekeeping, grounds maintenance, personal care, professional health care) for eligible veterans and survivors. Contracted through provincial agencies or reimbursed to veterans directly.",False,True,True,False,False,True,True,Veterans Affairs Canada,0,Per service contractor,0.0,0.0,0.0,0.0,Veterans Independence Program (VIP),vac-vip-2026,https://www.veterans.gc.ca/en/health-support/physical-health-and-wellness/compensation-illness-injury/veterans-independence-program,Eligible veterans and primary caregivers; survivors under specified conditions,0.0,30,N/A — VIP reimburses documented expenses,vac-vip-2026,2026-04-09,Reimbursement up to annual ceiling; consult VAC for current amounts
80,CA-FED,Canada — First Nations and Inuit,Federal,n/a,FNIHB_HCC,FNIHB Home and Community Care Program,"Home and community care services for status First Nations and recognized Inuit communities, delivered through band or community-level service providers under ISC funding agreements.",True,True,True,True,True,True,True,Indigenous Services Canada — FNIHB,0,Per community provider,0.0,0.0,0.0,0.0,First Nations and Inuit Home and Community Care Program,isc-fnihb-home-community-care,https://www.sac-isc.gc.ca/eng/1100100035250/1533317440443,Status First Nations and recognised Inuit community residents,0.0,14,N/A — community/band is employer of record,isc-fnihb-home-community-care,2026-04-09,Covered service scope varies by community and funding agreement
