id,jurisdiction_code,scenario_id,adl_katz_score,iadl_lawton_score,cognitive_status,mobility_status,diagnosis,household_composition,is_veteran,model_recommended_personal_care_hours_per_week,subsidised_hours_per_week_allocated,hours_gap_per_week,psw_hourly_rate_cad,dollar_gap_monthly_cad,dollar_gap_annual_cad,private_pay_monthly_cad,out_of_pocket_before_credits_monthly_cad,out_of_pocket_after_credits_monthly_cad
1,AB,A01-MildFrailty-Alone,5,5,intact,cane,frailty,alone,False,7.5,0.0,7.5,36.75,1197.59,14371.09,2388.34,2388.34,1825.63
2,AB,A02-MildFrailty-Spouse,5,5,intact,cane,frailty,with_spouse,False,7.5,0.0,7.5,36.75,1197.59,14371.09,2189.88,2189.88,1676.78
3,AB,A03-MildCognitive-Alone,5,4,mild,cane,dementia,alone,False,10.5,0.0,10.5,36.75,1676.63,20119.52,3131.98,3131.98,2383.36
4,AB,A04-MildCognitive-Spouse,5,4,mild,cane,dementia,with_spouse,False,10.5,0.0,10.5,36.75,1676.63,20119.52,2933.53,2933.53,2234.52
5,AB,A05-ParkinsonsEarly-Spouse,4,4,intact,cane,parkinson,with_spouse,False,15.5,12.0,3.5,36.75,558.88,6706.51,3800.35,1884.21,1447.53
6,AB,B06-ModerateFrailty-Alone,4,3,mild,walker,frailty,alone,False,19.0,12.0,7.0,36.75,1117.75,13413.01,4753.86,2837.72,2162.66
7,AB,B07-ModerateFrailty-Spouse,4,3,mild,walker,frailty,with_spouse,False,19.0,12.0,7.0,36.75,1117.75,13413.01,4555.41,2639.26,2013.82
8,AB,B08-PostSurgical-Spouse,4,4,intact,walker,post_surgical,with_spouse,False,22.0,12.0,10.0,36.75,1596.79,19161.45,5180.43,3264.29,2482.59
9,AB,B09-ChronicMixed-Spouse,4,3,mild,walker,chronic_mixed,with_spouse,False,21.0,12.0,9.0,36.75,1437.11,17245.31,5011.63,3095.49,2355.99
10,AB,B10-EarlyStroke-Spouse,4,2,mild,walker,stroke,with_spouse,False,23.0,12.0,11.0,36.75,1756.47,21077.6,5732.47,3816.32,2896.62
11,AB,C11-ModerateDementia-Spouse,3,2,moderate,walker,dementia,with_spouse,False,31.0,21.3,9.7,36.75,1548.88,18586.61,6736.16,3335.0,2535.63
12,AB,C12-ModerateDementia-Child,3,2,moderate,walker,dementia,with_adult_child,False,31.0,21.3,9.7,36.75,1548.88,18586.61,6670.01,3268.85,2486.01
13,AB,C13-ParkinsonsAdvancing,3,2,mild,wheelchair,parkinson,with_spouse,False,30.0,21.3,8.7,36.75,1389.21,16670.46,6644.92,3243.76,2467.19
14,AB,C14-StrokeRecovery,3,2,moderate,wheelchair,stroke,with_spouse,False,38.0,21.3,16.7,36.75,2666.64,31999.62,8127.65,4726.49,3579.24
15,AB,C15-ModerateMultiDx-Alone,3,2,moderate,walker,chronic_mixed,alone,False,33.0,21.3,11.7,36.75,1868.24,22418.9,7390.84,3989.69,3026.64
16,AB,D16-SevereDementia-Spouse,2,1,severe,wheelchair,dementia,with_spouse,False,48.0,30.7,17.3,36.75,2762.44,33149.31,9783.75,4881.61,3438.3
17,AB,D17-SevereDementia-Multigen,2,1,severe,wheelchair,dementia,multigen,False,48.0,30.7,17.3,36.75,2762.44,33149.31,9651.44,4749.3,3339.07
18,AB,D18-DenseStroke,2,1,severe,bedbound,stroke,with_spouse,False,59.0,30.7,28.3,36.75,4518.91,54226.9,11813.95,6911.81,4960.95
19,AB,D19-EndStageParkinsons,2,1,severe,wheelchair,parkinson,with_adult_child,False,49.0,30.7,18.3,36.75,2922.12,35065.45,9945.7,5043.57,3559.77
20,AB,D20-CompoundComplex,2,1,moderate,bedbound,chronic_mixed,with_adult_child,False,50.0,30.7,19.3,36.75,3081.8,36981.6,10105.38,5203.25,3936.81
21,AB,E21-BedboundSevere-Spouse,1,0,severe,bedbound,dementia,with_spouse,False,62.0,40.0,22.0,36.75,3512.93,42155.19,12283.86,5896.71,4199.62
22,AB,E22-BedboundSevere-Alone,1,0,severe,bedbound,chronic_mixed,alone,False,64.0,40.0,24.0,36.75,3832.29,45987.48,12938.54,6551.39,4690.64
23,AB,E23-TerminalCare,0,0,severe,bedbound,chronic_mixed,with_spouse,False,71.0,40.0,31.0,36.75,4950.04,59400.49,13857.83,7470.68,5380.11
24,AB,E24-FullSupport-Multigen,0,0,severe,bedbound,stroke,multigen,False,73.0,40.0,33.0,36.75,5269.4,63232.78,14181.75,7794.6,5623.04
25,AB,F25-VeteranFrailty-Alone,4,3,mild,walker,frailty,alone,True,19.0,12.0,7.0,36.75,1117.75,13413.01,4753.86,2837.72,1129.66
26,AB,F26-VeteranDementia-Spouse,3,2,moderate,walker,dementia,with_spouse,True,31.0,21.3,9.7,36.75,1548.88,18586.61,6736.16,3335.0,1502.63
27,AB,F27-VeteranStroke,2,1,moderate,wheelchair,stroke,with_spouse,True,45.0,30.7,14.3,36.75,2283.41,27400.87,9510.01,4607.87,2457.28
28,AB,G28-DiabetesHypertension,4,4,intact,cane,chronic_mixed,with_spouse,False,16.5,12.0,4.5,36.75,718.55,8622.65,4028.47,2112.32,1618.62
29,AB,G29-MSProgressive,3,2,mild,wheelchair,mobility_only,with_spouse,False,29.0,21.3,7.7,36.75,1229.53,14754.32,6416.8,3015.65,2296.11
30,AB,G30-PostFallRecovery,4,3,intact,walker,post_surgical,alone,False,22.0,12.0,10.0,36.75,1596.79,19161.45,5643.5,3727.36,2829.89
31,BC,A01-MildFrailty-Alone,5,5,intact,cane,frailty,alone,False,7.5,0.0,7.5,37.8,1231.81,14781.69,2456.58,2456.58,1991.37
32,BC,A02-MildFrailty-Spouse,5,5,intact,cane,frailty,with_spouse,False,7.5,0.0,7.5,37.8,1231.81,14781.69,2252.45,2252.45,1828.19
33,BC,A03-MildCognitive-Alone,5,4,mild,cane,dementia,alone,False,10.5,0.0,10.5,37.8,1724.53,20694.37,3221.47,3221.47,2602.83
34,BC,A04-MildCognitive-Spouse,5,4,mild,cane,dementia,with_spouse,False,10.5,0.0,10.5,37.8,1724.53,20694.37,3017.34,3017.34,2439.65
35,BC,A05-ParkinsonsEarly-Spouse,4,4,intact,cane,parkinson,with_spouse,False,15.5,14.5,1.0,37.8,164.24,1970.89,3908.94,1527.44,1248.62
36,BC,B06-ModerateFrailty-Alone,4,3,mild,walker,frailty,alone,False,19.0,16.0,3.0,37.8,492.72,5912.68,4889.69,2261.83,1835.69
37,BC,B07-ModerateFrailty-Spouse,4,3,mild,walker,frailty,with_spouse,False,19.0,16.0,3.0,37.8,492.72,5912.68,4685.56,2057.71,1672.51
38,BC,B08-PostSurgical-Spouse,4,4,intact,walker,post_surgical,with_spouse,False,22.0,16.0,6.0,37.8,985.45,11825.35,5328.45,2700.59,2186.44
39,BC,B09-ChronicMixed-Spouse,4,3,mild,walker,chronic_mixed,with_spouse,False,21.0,16.0,5.0,37.8,821.2,9854.46,5154.82,2526.97,2047.64
40,BC,B10-EarlyStroke-Spouse,4,2,mild,walker,stroke,with_spouse,False,23.0,16.0,7.0,37.8,1149.69,13796.24,5896.25,3268.4,2640.34
41,BC,C11-ModerateDementia-Spouse,3,2,moderate,walker,dementia,with_spouse,False,31.0,20.7,10.3,37.8,1691.68,20300.19,6928.62,3528.84,2848.53
42,BC,C12-ModerateDementia-Child,3,2,moderate,walker,dementia,with_adult_child,False,31.0,20.7,10.3,37.8,1691.68,20300.19,6860.58,3460.79,2794.14
43,BC,C13-ParkinsonsAdvancing,3,2,mild,wheelchair,parkinson,with_spouse,False,30.0,20.7,9.3,37.8,1527.44,18329.3,6834.77,3434.98,2773.51
44,BC,C14-StrokeRecovery,3,2,moderate,wheelchair,stroke,with_spouse,False,38.0,20.7,17.3,37.8,2841.37,34096.43,8359.87,4960.08,3992.67
45,BC,C15-ModerateMultiDx-Alone,3,2,moderate,walker,chronic_mixed,alone,False,33.0,20.7,12.3,37.8,2020.16,24241.97,7602.01,4202.22,3386.84
46,BC,D16-SevereDementia-Spouse,2,1,severe,wheelchair,dementia,with_spouse,False,48.0,25.3,22.7,37.8,3728.27,44739.25,10063.28,5907.98,4587.27
47,BC,D17-SevereDementia-Multigen,2,1,severe,wheelchair,dementia,multigen,False,48.0,25.3,22.7,37.8,3728.27,44739.25,9927.2,5771.9,4478.48
48,BC,D18-DenseStroke,2,1,severe,bedbound,stroke,with_spouse,False,59.0,25.3,33.7,37.8,5534.92,66419.06,12151.49,7996.19,6256.58
49,BC,D19-EndStageParkinsons,2,1,severe,wheelchair,parkinson,with_adult_child,False,49.0,25.3,23.7,37.8,3892.51,46710.14,10229.87,6074.57,4720.44
50,BC,D20-CompoundComplex,2,1,moderate,bedbound,chronic_mixed,with_adult_child,False,50.0,25.3,24.7,37.8,4056.75,48681.03,10394.11,6238.81,5014.89
51,BC,E21-BedboundSevere-Spouse,1,0,severe,bedbound,dementia,with_spouse,False,62.0,30.0,32.0,37.8,5255.71,63068.54,12634.83,7707.6,6025.88
52,BC,E22-BedboundSevere-Alone,1,0,severe,bedbound,chronic_mixed,alone,False,64.0,30.0,34.0,37.8,5584.19,67010.33,13308.21,8380.98,6564.19
53,BC,E23-TerminalCare,0,0,severe,bedbound,chronic_mixed,with_spouse,False,71.0,30.0,41.0,37.8,6733.88,80806.57,14253.77,9326.54,7320.07
54,BC,E24-FullSupport-Multigen,0,0,severe,bedbound,stroke,multigen,False,73.0,30.0,43.0,37.8,7062.36,84748.36,14586.95,9659.72,7586.41
55,BC,F25-VeteranFrailty-Alone,4,3,mild,walker,frailty,alone,True,19.0,16.0,3.0,37.8,492.72,5912.68,4889.69,2261.83,802.69
56,BC,F26-VeteranDementia-Spouse,3,2,moderate,walker,dementia,with_spouse,True,31.0,20.7,10.3,37.8,1691.68,20300.19,6928.62,3528.84,1815.53
57,BC,F27-VeteranStroke,2,1,moderate,wheelchair,stroke,with_spouse,True,45.0,25.3,19.7,37.8,3235.55,38826.57,9781.72,5626.43,3492.35
58,BC,G28-DiabetesHypertension,4,4,intact,cane,chronic_mixed,with_spouse,False,16.5,14.5,2.0,37.8,328.48,3941.78,4143.57,1762.07,1436.18
59,BC,G29-MSProgressive,3,2,mild,wheelchair,mobility_only,with_spouse,False,29.0,20.7,8.3,37.8,1363.2,16358.4,6600.14,3200.35,2585.94
60,BC,G30-PostFallRecovery,4,3,intact,walker,post_surgical,alone,False,22.0,16.0,6.0,37.8,985.45,11825.35,5804.75,3176.89,2567.19
61,MB,A01-MildFrailty-Alone,5,5,intact,cane,frailty,alone,False,7.5,0.0,7.5,31.5,1026.51,12318.07,2047.15,2047.15,1554.46
62,MB,A02-MildFrailty-Spouse,5,5,intact,cane,frailty,with_spouse,False,7.5,0.0,7.5,31.5,1026.51,12318.07,1877.04,1877.04,1428.24
63,MB,A03-MildCognitive-Alone,5,4,mild,cane,dementia,alone,False,10.5,0.0,10.5,31.5,1437.11,17245.31,2684.56,2684.56,2027.42
64,MB,A04-MildCognitive-Spouse,5,4,mild,cane,dementia,with_spouse,False,10.5,0.0,10.5,31.5,1437.11,17245.31,2514.45,2514.45,1901.2
65,MB,A05-ParkinsonsEarly-Spouse,4,4,intact,cane,parkinson,with_spouse,False,15.5,12.0,3.5,31.5,479.04,5748.43,3257.45,1615.04,1233.83
66,MB,B06-ModerateFrailty-Alone,4,3,mild,walker,frailty,alone,False,19.0,12.0,7.0,31.5,958.07,11496.87,4074.74,2432.33,1840.26
67,MB,B07-ModerateFrailty-Spouse,4,3,mild,walker,frailty,with_spouse,False,19.0,12.0,7.0,31.5,958.07,11496.87,3904.63,2262.22,1714.05
68,MB,B08-PostSurgical-Spouse,4,4,intact,walker,post_surgical,with_spouse,False,22.0,12.0,10.0,31.5,1368.67,16424.1,4440.37,2797.96,2111.56
69,MB,B09-ChronicMixed-Spouse,4,3,mild,walker,chronic_mixed,with_spouse,False,21.0,12.0,9.0,31.5,1231.81,14781.69,4295.68,2653.27,2004.2
70,MB,B10-EarlyStroke-Spouse,4,2,mild,walker,stroke,with_spouse,False,23.0,12.0,11.0,31.5,1505.54,18066.51,4913.54,3271.13,2462.66
71,MB,C11-ModerateDementia-Spouse,3,2,moderate,walker,dementia,with_spouse,False,31.0,18.0,13.0,31.5,1779.28,21351.33,5773.85,3310.24,2491.67
72,MB,C12-ModerateDementia-Child,3,2,moderate,walker,dementia,with_adult_child,False,31.0,18.0,13.0,31.5,1779.28,21351.33,5717.15,3253.54,2449.6
73,MB,C13-ParkinsonsAdvancing,3,2,mild,wheelchair,parkinson,with_spouse,False,30.0,18.0,12.0,31.5,1642.41,19708.92,5695.64,3232.03,2433.64
74,MB,C14-StrokeRecovery,3,2,moderate,wheelchair,stroke,with_spouse,False,38.0,18.0,20.0,31.5,2737.35,32848.2,6966.56,4502.94,3376.66
75,MB,C15-ModerateMultiDx-Alone,3,2,moderate,walker,chronic_mixed,alone,False,33.0,18.0,15.0,31.5,2053.01,24636.15,6335.01,3871.39,2908.05
76,MB,D16-SevereDementia-Spouse,2,1,severe,wheelchair,dementia,with_spouse,False,48.0,24.0,24.0,31.5,3284.82,39417.84,8386.07,5101.25,3641.58
77,MB,D17-SevereDementia-Multigen,2,1,severe,wheelchair,dementia,multigen,False,48.0,24.0,24.0,31.5,3284.82,39417.84,8272.66,4987.84,3557.43
78,MB,D18-DenseStroke,2,1,severe,bedbound,stroke,with_spouse,False,59.0,24.0,35.0,31.5,4790.36,57484.35,10126.24,6841.42,4932.79
79,MB,D19-EndStageParkinsons,2,1,severe,wheelchair,parkinson,with_adult_child,False,49.0,24.0,25.0,31.5,3421.69,41060.25,8524.89,5240.07,3744.59
80,MB,D20-CompoundComplex,2,1,moderate,bedbound,chronic_mixed,with_adult_child,False,50.0,24.0,26.0,31.5,3558.55,42702.66,8661.76,5376.94,4025.16
81,MB,E21-BedboundSevere-Spouse,1,0,severe,bedbound,dementia,with_spouse,False,62.0,30.0,32.0,31.5,4379.76,52557.12,10529.02,6423.0,4622.32
82,MB,E22-BedboundSevere-Alone,1,0,severe,bedbound,chronic_mixed,alone,False,64.0,30.0,34.0,31.5,4653.49,55841.94,11090.18,6984.15,5038.7
83,MB,E23-TerminalCare,0,0,severe,bedbound,chronic_mixed,with_spouse,False,71.0,30.0,41.0,31.5,5611.57,67338.81,11878.14,7772.12,5623.37
84,MB,E24-FullSupport-Multigen,0,0,severe,bedbound,stroke,multigen,False,73.0,30.0,43.0,31.5,5885.3,70623.63,12155.79,8049.76,5829.38
85,MB,F25-VeteranFrailty-Alone,4,3,mild,walker,frailty,alone,True,19.0,12.0,7.0,31.5,958.07,11496.87,4074.74,2432.33,807.26
86,MB,F26-VeteranDementia-Spouse,3,2,moderate,walker,dementia,with_spouse,True,31.0,18.0,13.0,31.5,1779.28,21351.33,5773.85,3310.24,1458.67
87,MB,F27-VeteranStroke,2,1,moderate,wheelchair,stroke,with_spouse,True,45.0,24.0,21.0,31.5,2874.22,34490.61,8151.44,4866.62,2613.5
88,MB,G28-DiabetesHypertension,4,4,intact,cane,chronic_mixed,with_spouse,False,16.5,12.0,4.5,31.5,615.9,7390.84,3452.97,1810.56,1378.91
89,MB,G29-MSProgressive,3,2,mild,wheelchair,mobility_only,with_spouse,False,29.0,18.0,11.0,31.5,1505.54,18066.51,5500.12,3036.5,2288.56
90,MB,G30-PostFallRecovery,4,3,intact,walker,post_surgical,alone,False,22.0,12.0,10.0,31.5,1368.67,16424.1,4837.29,3194.88,2406.08
91,NB,A01-MildFrailty-Alone,5,5,intact,cane,frailty,alone,False,7.5,0.0,7.5,28.38,924.83,11098.0,1900.11,1900.11,1470.03
92,NB,A02-MildFrailty-Spouse,5,5,intact,cane,frailty,with_spouse,False,7.5,0.0,7.5,28.38,924.83,11098.0,1737.57,1737.57,1347.15
93,NB,A03-MildCognitive-Alone,5,4,mild,cane,dementia,alone,False,10.5,0.0,10.5,28.38,1294.77,15537.2,2486.77,2486.77,1913.55
94,NB,A04-MildCognitive-Spouse,5,4,mild,cane,dementia,with_spouse,False,10.5,0.0,10.5,28.38,1294.77,15537.2,2324.23,2324.23,1790.67
95,NB,A05-ParkinsonsEarly-Spouse,4,4,intact,cane,parkinson,with_spouse,False,15.5,12.0,3.5,28.38,431.59,5179.07,3004.31,1524.57,1186.13
96,NB,B06-ModerateFrailty-Alone,4,3,mild,walker,frailty,alone,False,19.0,12.0,7.0,28.38,863.18,10358.13,3751.65,2271.91,1751.12
97,NB,B07-ModerateFrailty-Spouse,4,3,mild,walker,frailty,with_spouse,False,19.0,12.0,7.0,28.38,863.18,10358.13,3589.1,2109.37,1628.23
98,NB,B08-PostSurgical-Spouse,4,4,intact,walker,post_surgical,with_spouse,False,22.0,12.0,10.0,28.38,1233.11,14797.33,4123.45,2643.72,2032.2
99,NB,B09-ChronicMixed-Spouse,4,3,mild,walker,chronic_mixed,with_spouse,False,21.0,12.0,9.0,28.38,1109.8,13317.6,3962.77,2483.04,1910.73
100,NB,B10-EarlyStroke-Spouse,4,2,mild,walker,stroke,with_spouse,False,23.0,12.0,11.0,28.38,1356.42,16277.07,4553.17,3073.44,2357.07
101,NB,C11-ModerateDementia-Spouse,3,2,moderate,walker,dementia,with_spouse,False,31.0,19.7,11.3,28.38,1393.42,16720.99,5285.56,2856.33,2192.94
102,NB,C12-ModerateDementia-Child,3,2,moderate,walker,dementia,with_adult_child,False,31.0,19.7,11.3,28.38,1393.42,16720.99,5231.38,2802.15,2151.98
103,NB,C13-ParkinsonsAdvancing,3,2,mild,wheelchair,parkinson,with_spouse,False,30.0,19.7,10.3,28.38,1270.1,15241.25,5225.77,2796.55,2147.74
104,NB,C14-StrokeRecovery,3,2,moderate,wheelchair,stroke,with_spouse,False,38.0,19.7,18.3,28.38,2256.59,27079.12,6402.84,3973.61,3037.6
105,NB,C15-ModerateMultiDx-Alone,3,2,moderate,walker,chronic_mixed,alone,False,33.0,19.7,13.3,28.38,1640.04,19680.45,5821.78,3392.55,2598.32
106,NB,D16-SevereDementia-Spouse,2,1,severe,wheelchair,dementia,with_spouse,False,48.0,27.3,20.7,28.38,2552.54,30630.48,7662.1,4295.71,3090.72
107,NB,D17-SevereDementia-Multigen,2,1,severe,wheelchair,dementia,multigen,False,48.0,27.3,20.7,28.38,2552.54,30630.48,7553.74,4187.35,3008.79
108,NB,D18-DenseStroke,2,1,severe,bedbound,stroke,with_spouse,False,59.0,27.3,31.7,28.38,3908.96,46907.54,9272.62,5906.23,4308.27
109,NB,D19-EndStageParkinsons,2,1,severe,wheelchair,parkinson,with_adult_child,False,49.0,27.3,21.7,28.38,2675.85,32110.21,7794.76,4428.36,3191.0
110,NB,D20-CompoundComplex,2,1,moderate,bedbound,chronic_mixed,with_adult_child,False,50.0,27.3,22.7,28.38,2799.16,33589.94,7918.07,4551.67,3474.62
111,NB,E21-BedboundSevere-Spouse,1,0,severe,bedbound,dementia,with_spouse,False,62.0,35.0,27.0,28.38,3329.4,39952.8,9605.19,5289.3,3841.87
112,NB,E22-BedboundSevere-Alone,1,0,severe,bedbound,chronic_mixed,alone,False,64.0,35.0,29.0,28.38,3576.02,42912.26,10141.4,5825.52,4247.25
113,NB,E23-TerminalCare,0,0,severe,bedbound,chronic_mixed,with_spouse,False,71.0,35.0,36.0,28.38,4439.2,53270.4,10842.04,6526.15,4776.93
114,NB,E24-FullSupport-Multigen,0,0,severe,bedbound,stroke,multigen,False,73.0,35.0,38.0,28.38,4685.82,56229.86,11107.34,6791.45,4977.5
115,NB,F25-VeteranFrailty-Alone,4,3,mild,walker,frailty,alone,True,19.0,12.0,7.0,28.38,863.18,10358.13,3751.65,2271.91,718.12
116,NB,F26-VeteranDementia-Spouse,3,2,moderate,walker,dementia,with_spouse,True,31.0,19.7,11.3,28.38,1393.42,16720.99,5285.56,2856.33,1159.94
117,NB,F27-VeteranStroke,2,1,moderate,wheelchair,stroke,with_spouse,True,45.0,27.3,17.7,28.38,2182.61,26191.28,7482.74,4116.35,2112.51
118,NB,G28-DiabetesHypertension,4,4,intact,cane,chronic_mixed,with_spouse,False,16.5,12.0,4.5,28.38,554.9,6658.8,3191.14,1711.41,1327.38
119,NB,G29-MSProgressive,3,2,mild,wheelchair,mobility_only,with_spouse,False,29.0,19.7,9.3,28.38,1146.79,13761.52,5038.94,2609.71,2006.49
120,NB,G30-PostFallRecovery,4,3,intact,walker,post_surgical,alone,False,22.0,12.0,10.0,28.38,1233.11,14797.33,4502.72,3022.99,2318.93
121,NL,A01-MildFrailty-Alone,5,5,intact,cane,frailty,alone,False,7.5,0.0,7.5,29.7,967.85,11614.18,1988.49,1988.49,1549.81
122,NL,A02-MildFrailty-Spouse,5,5,intact,cane,frailty,with_spouse,False,7.5,0.0,7.5,29.7,967.85,11614.18,1818.38,1818.38,1420.01
123,NL,A03-MildCognitive-Alone,5,4,mild,cane,dementia,alone,False,10.5,0.0,10.5,29.7,1354.99,16259.86,2602.44,2602.44,2018.25
124,NL,A04-MildCognitive-Spouse,5,4,mild,cane,dementia,with_spouse,False,10.5,0.0,10.5,29.7,1354.99,16259.86,2432.33,2432.33,1888.46
125,NL,A05-ParkinsonsEarly-Spouse,4,4,intact,cane,parkinson,with_spouse,False,15.5,10.0,5.5,29.7,709.76,8517.07,3144.04,1853.58,1446.87
126,NL,B06-ModerateFrailty-Alone,4,3,mild,walker,frailty,alone,False,19.0,10.0,9.0,29.7,1161.42,13937.02,3926.14,2635.68,2043.61
127,NL,B07-ModerateFrailty-Spouse,4,3,mild,walker,frailty,with_spouse,False,19.0,10.0,9.0,29.7,1161.42,13937.02,3756.04,2465.57,1913.82
128,NL,B08-PostSurgical-Spouse,4,4,intact,walker,post_surgical,with_spouse,False,22.0,10.0,12.0,29.7,1548.56,18582.7,4315.24,3024.77,2340.49
129,NL,B09-ChronicMixed-Spouse,4,3,mild,walker,chronic_mixed,with_spouse,False,21.0,10.0,11.0,29.7,1419.51,17034.14,4147.09,2856.62,2212.19
130,NL,B10-EarlyStroke-Spouse,4,2,mild,walker,stroke,with_spouse,False,23.0,10.0,13.0,29.7,1677.6,20131.25,4764.94,3474.48,2683.62
131,NL,C11-ModerateDementia-Spouse,3,2,moderate,walker,dementia,with_spouse,False,31.0,21.7,9.3,29.7,1200.13,14401.59,5531.4,2731.09,2116.41
132,NL,C12-ModerateDementia-Child,3,2,moderate,walker,dementia,with_adult_child,False,31.0,21.7,9.3,29.7,1200.13,14401.59,5474.7,2674.39,2073.15
133,NL,C13-ParkinsonsAdvancing,3,2,mild,wheelchair,parkinson,with_spouse,False,30.0,21.7,8.3,29.7,1071.09,12853.03,5468.83,2668.53,2068.67
134,NL,C14-StrokeRecovery,3,2,moderate,wheelchair,stroke,with_spouse,False,38.0,21.7,16.3,29.7,2103.46,25241.5,6700.64,3900.33,3008.54
135,NL,C15-ModerateMultiDx-Alone,3,2,moderate,walker,chronic_mixed,alone,False,33.0,21.7,11.3,29.7,1458.23,17498.71,6092.56,3292.25,2544.57
136,NL,D16-SevereDementia-Spouse,2,1,severe,wheelchair,dementia,with_spouse,False,48.0,33.3,14.7,29.7,1896.98,22763.8,8018.48,3721.23,2697.27
137,NL,D17-SevereDementia-Multigen,2,1,severe,wheelchair,dementia,multigen,False,48.0,33.3,14.7,29.7,1896.98,22763.8,7905.08,3607.83,2610.75
138,NL,D18-DenseStroke,2,1,severe,bedbound,stroke,with_spouse,False,59.0,33.3,25.7,29.7,3316.5,39797.94,9703.91,5406.66,3983.25
139,NL,D19-EndStageParkinsons,2,1,severe,wheelchair,parkinson,with_adult_child,False,49.0,33.3,15.7,29.7,2026.03,24312.36,8157.3,3860.05,2803.2
140,NL,D20-CompoundComplex,2,1,moderate,bedbound,chronic_mixed,with_adult_child,False,50.0,33.3,16.7,29.7,2155.08,25860.92,8286.35,3989.1,3076.27
141,NL,E21-BedboundSevere-Spouse,1,0,severe,bedbound,dementia,with_spouse,False,62.0,45.0,17.0,29.7,2193.79,26325.49,10051.94,4244.85,3096.79
142,NL,E22-BedboundSevere-Alone,1,0,severe,bedbound,chronic_mixed,alone,False,64.0,45.0,19.0,29.7,2451.88,29422.6,10613.1,4806.0,3524.96
143,NL,E23-TerminalCare,0,0,severe,bedbound,chronic_mixed,with_spouse,False,71.0,45.0,26.0,29.7,3355.21,40262.51,11346.32,5539.22,4084.4
144,NL,E24-FullSupport-Multigen,0,0,severe,bedbound,stroke,multigen,False,73.0,45.0,28.0,29.7,3613.3,43359.62,11623.96,5816.87,4296.24
145,NL,F25-VeteranFrailty-Alone,4,3,mild,walker,frailty,alone,True,19.0,10.0,9.0,29.7,1161.42,13937.02,3926.14,2635.68,1010.61
146,NL,F26-VeteranDementia-Spouse,3,2,moderate,walker,dementia,with_spouse,True,31.0,21.7,9.3,29.7,1200.13,14401.59,5531.4,2731.09,1083.41
147,NL,F27-VeteranStroke,2,1,moderate,wheelchair,stroke,with_spouse,True,45.0,33.3,11.7,29.7,1509.84,18118.13,7830.78,3533.53,1695.67
148,NL,G28-DiabetesHypertension,4,4,intact,cane,chronic_mixed,with_spouse,False,16.5,10.0,6.5,29.7,838.8,10065.63,3339.57,2049.1,1596.05
149,NL,G29-MSProgressive,3,2,mild,wheelchair,mobility_only,with_spouse,False,29.0,21.7,7.3,29.7,942.04,11304.47,5273.31,2473.0,1919.49
150,NL,G30-PostFallRecovery,4,3,intact,walker,post_surgical,alone,False,22.0,10.0,12.0,29.7,1548.56,18582.7,4712.15,3421.69,2643.34
151,NS,A01-MildFrailty-Alone,5,5,intact,cane,frailty,alone,False,7.5,0.0,7.5,29.04,946.34,11356.09,1944.3,1944.3,1514.37
152,NS,A02-MildFrailty-Spouse,5,5,intact,cane,frailty,with_spouse,False,7.5,0.0,7.5,29.04,946.34,11356.09,1777.97,1777.97,1387.61
153,NS,A03-MildCognitive-Alone,5,4,mild,cane,dementia,alone,False,10.5,0.0,10.5,29.04,1324.88,15898.53,2544.61,2544.61,1971.86
154,NS,A04-MildCognitive-Spouse,5,4,mild,cane,dementia,with_spouse,False,10.5,0.0,10.5,29.04,1324.88,15898.53,2378.28,2378.28,1845.1
155,NS,A05-ParkinsonsEarly-Spouse,4,4,intact,cane,parkinson,with_spouse,False,15.5,10.0,5.5,29.04,693.98,8327.8,3074.17,1812.39,1413.84
156,NS,B06-ModerateFrailty-Alone,4,3,mild,walker,frailty,alone,False,19.0,10.0,9.0,29.04,1135.61,13627.31,3838.89,2577.11,1996.63
157,NS,B07-ModerateFrailty-Spouse,4,3,mild,walker,frailty,with_spouse,False,19.0,10.0,9.0,29.04,1135.61,13627.31,3672.57,2410.78,1869.87
158,NS,B08-PostSurgical-Spouse,4,4,intact,walker,post_surgical,with_spouse,False,22.0,10.0,12.0,29.04,1514.15,18169.75,4219.34,2957.55,2286.57
159,NS,B09-ChronicMixed-Spouse,4,3,mild,walker,chronic_mixed,with_spouse,False,21.0,10.0,11.0,29.04,1387.97,16655.6,4054.93,2793.14,2161.27
160,NS,B10-EarlyStroke-Spouse,4,2,mild,walker,stroke,with_spouse,False,23.0,10.0,13.0,29.04,1640.32,19683.89,4659.06,3397.27,2621.67
161,NS,C11-ModerateDementia-Spouse,3,2,moderate,walker,dementia,with_spouse,False,31.0,20.0,11.0,29.04,1387.97,16655.6,5408.48,2884.91,2231.2
162,NS,C12-ModerateDementia-Child,3,2,moderate,walker,dementia,with_adult_child,False,31.0,20.0,11.0,29.04,1387.97,16655.6,5353.04,2829.46,2188.95
163,NS,C13-ParkinsonsAdvancing,3,2,mild,wheelchair,parkinson,with_spouse,False,30.0,20.0,10.0,29.04,1261.79,15141.46,5347.3,2823.73,2184.58
164,NS,C14-StrokeRecovery,3,2,moderate,wheelchair,stroke,with_spouse,False,38.0,20.0,18.0,29.04,2271.22,27254.62,6551.74,4028.16,3102.48
165,NS,C15-ModerateMultiDx-Alone,3,2,moderate,walker,chronic_mixed,alone,False,33.0,20.0,13.0,29.04,1640.32,19683.89,5957.17,3433.59,2649.36
166,NS,D16-SevereDementia-Spouse,2,1,severe,wheelchair,dementia,with_spouse,False,48.0,30.0,18.0,29.04,2271.22,27254.62,7840.29,4054.93,2945.7
167,NS,D17-SevereDementia-Multigen,2,1,severe,wheelchair,dementia,multigen,False,48.0,30.0,18.0,29.04,2271.22,27254.62,7729.41,3944.04,2861.2
168,NS,D18-DenseStroke,2,1,severe,bedbound,stroke,with_spouse,False,59.0,30.0,29.0,29.04,3659.19,43910.22,9488.26,5702.9,4201.62
169,NS,D19-EndStageParkinsons,2,1,severe,wheelchair,parkinson,with_adult_child,False,49.0,30.0,19.0,29.04,2397.4,28768.77,7976.03,4190.67,3049.15
170,NS,D20-CompoundComplex,2,1,moderate,bedbound,chronic_mixed,with_adult_child,False,50.0,30.0,20.0,29.04,2523.58,30282.91,8102.21,4316.84,3322.48
171,NS,E21-BedboundSevere-Spouse,1,0,severe,bedbound,dementia,with_spouse,False,62.0,40.0,22.0,29.04,2775.93,33311.2,9828.56,4781.41,3499.36
172,NS,E22-BedboundSevere-Alone,1,0,severe,bedbound,chronic_mixed,alone,False,64.0,40.0,24.0,29.04,3028.29,36339.49,10377.25,5330.1,3917.51
173,NS,E23-TerminalCare,0,0,severe,bedbound,chronic_mixed,with_spouse,False,71.0,40.0,31.0,29.04,3911.54,46938.51,11094.18,6047.02,4463.88
174,NS,E24-FullSupport-Multigen,0,0,severe,bedbound,stroke,multigen,False,73.0,40.0,33.0,29.04,4163.9,49966.8,11365.65,6318.5,4670.77
175,NS,F25-VeteranFrailty-Alone,4,3,mild,walker,frailty,alone,True,19.0,10.0,9.0,29.04,1135.61,13627.31,3838.89,2577.11,963.63
176,NS,F26-VeteranDementia-Spouse,3,2,moderate,walker,dementia,with_spouse,True,31.0,20.0,11.0,29.04,1387.97,16655.6,5408.48,2884.91,1198.2
177,NS,F27-VeteranStroke,2,1,moderate,wheelchair,stroke,with_spouse,True,45.0,30.0,15.0,29.04,1892.68,22712.18,7656.76,3871.39,1950.01
178,NS,G28-DiabetesHypertension,4,4,intact,cane,chronic_mixed,with_spouse,False,16.5,10.0,6.5,29.04,820.16,9841.95,3265.35,2003.57,1559.53
179,NS,G29-MSProgressive,3,2,mild,wheelchair,mobility_only,with_spouse,False,29.0,20.0,9.0,29.04,1135.61,13627.31,5156.12,2632.55,2038.88
180,NS,G30-PostFallRecovery,4,3,intact,walker,post_surgical,alone,False,22.0,10.0,12.0,29.04,1514.15,18169.75,4607.44,3345.65,2582.34
181,NT,A01-MildFrailty-Alone,5,5,intact,cane,frailty,alone,False,7.5,0.0,7.5,44.55,1451.77,17421.28,2982.73,2982.73,2388.08
182,NT,A02-MildFrailty-Spouse,5,5,intact,cane,frailty,with_spouse,False,7.5,0.0,7.5,44.55,1451.77,17421.28,2727.57,2727.57,2186.25
183,NT,A03-MildCognitive-Alone,5,4,mild,cane,dementia,alone,False,10.5,0.0,10.5,44.55,2032.48,24389.79,3903.66,3903.66,3116.53
184,NT,A04-MildCognitive-Spouse,5,4,mild,cane,dementia,with_spouse,False,10.5,0.0,10.5,44.55,2032.48,24389.79,3648.5,3648.5,2914.7
185,NT,A05-ParkinsonsEarly-Spouse,4,4,intact,cane,parkinson,with_spouse,False,15.5,8.0,7.5,44.55,1451.77,17421.28,4716.06,3167.5,2534.23
186,NT,B06-ModerateFrailty-Alone,4,3,mild,walker,frailty,alone,False,19.0,8.0,11.0,44.55,2129.27,25551.21,5889.21,4340.65,3462.2
187,NT,B07-ModerateFrailty-Spouse,4,3,mild,walker,frailty,with_spouse,False,19.0,8.0,11.0,44.55,2129.27,25551.21,5634.05,4085.49,3260.36
188,NT,B08-PostSurgical-Spouse,4,4,intact,walker,post_surgical,with_spouse,False,22.0,8.0,14.0,44.55,2709.98,32519.72,6472.86,4924.3,3923.86
189,NT,B09-ChronicMixed-Spouse,4,3,mild,walker,chronic_mixed,with_spouse,False,21.0,8.0,13.0,44.55,2516.41,30196.88,6220.63,4672.07,3724.34
190,NT,B10-EarlyStroke-Spouse,4,2,mild,walker,stroke,with_spouse,False,23.0,8.0,15.0,44.55,2903.55,34842.56,7147.42,5598.86,4457.43
191,NT,C11-ModerateDementia-Spouse,3,2,moderate,walker,dementia,with_spouse,False,31.0,13.7,17.3,44.55,3348.76,40185.08,8297.1,5645.2,4494.09
192,NT,C12-ModerateDementia-Child,3,2,moderate,walker,dementia,with_adult_child,False,31.0,13.7,17.3,44.55,3348.76,40185.08,8212.05,5560.14,4426.81
193,NT,C13-ParkinsonsAdvancing,3,2,mild,wheelchair,parkinson,with_spouse,False,30.0,13.7,16.3,44.55,3155.19,37862.24,8203.25,5551.35,4419.85
194,NT,C14-StrokeRecovery,3,2,moderate,wheelchair,stroke,with_spouse,False,38.0,13.7,24.3,44.55,4703.74,56444.94,10050.96,7399.06,5881.39
195,NT,C15-ModerateMultiDx-Alone,3,2,moderate,walker,chronic_mixed,alone,False,33.0,13.7,19.3,44.55,3735.9,44830.75,9138.84,6486.93,5159.9
196,NT,D16-SevereDementia-Spouse,2,1,severe,wheelchair,dementia,with_spouse,False,48.0,19.3,28.7,44.55,5555.45,66665.42,12027.72,8291.82,6394.55
197,NT,D17-SevereDementia-Multigen,2,1,severe,wheelchair,dementia,multigen,False,48.0,19.3,28.7,44.55,5555.45,66665.42,11857.61,8121.72,6260.0
198,NT,D18-DenseStroke,2,1,severe,bedbound,stroke,with_spouse,False,59.0,19.3,39.7,44.55,7684.72,92216.63,14555.86,10819.96,8394.31
199,NT,D19-EndStageParkinsons,2,1,severe,wheelchair,parkinson,with_adult_child,False,49.0,19.3,29.7,44.55,5749.02,68988.26,12235.95,8500.06,6559.26
200,NT,D20-CompoundComplex,2,1,moderate,bedbound,chronic_mixed,with_adult_child,False,50.0,19.3,30.7,44.55,5942.59,71311.1,12429.52,8693.63,6905.4
201,NT,E21-BedboundSevere-Spouse,1,0,severe,bedbound,dementia,with_spouse,False,62.0,25.0,37.0,44.55,7162.08,85944.97,15077.91,10238.67,7934.5
202,NT,E22-BedboundSevere-Alone,1,0,severe,bedbound,chronic_mixed,alone,False,64.0,25.0,39.0,44.55,7549.22,90590.64,15919.65,11080.4,8600.32
203,NT,E23-TerminalCare,0,0,severe,bedbound,chronic_mixed,with_spouse,False,71.0,25.0,46.0,44.55,8904.21,106850.5,17019.47,12180.23,9470.28
204,NT,E24-FullSupport-Multigen,0,0,severe,bedbound,stroke,multigen,False,73.0,25.0,48.0,44.55,9291.35,111496.18,17435.94,12596.7,9799.71
205,NT,F25-VeteranFrailty-Alone,4,3,mild,walker,frailty,alone,True,19.0,8.0,11.0,44.55,2129.27,25551.21,5889.21,4340.65,2429.2
206,NT,F26-VeteranDementia-Spouse,3,2,moderate,walker,dementia,with_spouse,True,31.0,13.7,17.3,44.55,3348.76,40185.08,8297.1,5645.2,3461.09
207,NT,F27-VeteranStroke,2,1,moderate,wheelchair,stroke,with_spouse,True,45.0,19.3,25.7,44.55,4974.74,59696.91,11746.16,8010.27,5331.86
208,NT,G28-DiabetesHypertension,4,4,intact,cane,chronic_mixed,with_spouse,False,16.5,8.0,8.5,44.55,1645.34,19744.11,5009.35,3460.79,2766.22
209,NT,G29-MSProgressive,3,2,mild,wheelchair,mobility_only,with_spouse,False,29.0,13.7,15.3,44.55,2961.62,35539.41,7909.96,5258.06,4187.86
210,NT,G30-PostFallRecovery,4,3,intact,walker,post_surgical,alone,False,22.0,8.0,14.0,44.55,2709.98,32519.72,7068.23,5519.67,4394.8
211,NU,A01-MildFrailty-Alone,5,5,intact,cane,frailty,alone,False,7.5,0.0,7.5,49.5,1613.08,19356.97,3314.15,3314.15,2710.59
212,NU,A02-MildFrailty-Spouse,5,5,intact,cane,frailty,with_spouse,False,7.5,0.0,7.5,49.5,1613.08,19356.97,3030.64,3030.64,2480.94
213,NU,A03-MildCognitive-Alone,5,4,mild,cane,dementia,alone,False,10.5,0.0,10.5,49.5,2258.31,27099.76,4337.4,4337.4,3539.42
214,NU,A04-MildCognitive-Spouse,5,4,mild,cane,dementia,with_spouse,False,10.5,0.0,10.5,49.5,2258.31,27099.76,4053.88,4053.88,3309.77
215,NU,A05-ParkinsonsEarly-Spouse,4,4,intact,cane,parkinson,with_spouse,False,15.5,6.0,9.5,49.5,2043.24,24518.83,5240.07,3949.6,3225.3
216,NU,B06-ModerateFrailty-Alone,4,3,mild,walker,frailty,alone,False,19.0,6.0,13.0,49.5,2796.01,33552.09,6543.57,5253.1,4281.14
217,NU,B07-ModerateFrailty-Spouse,4,3,mild,walker,frailty,with_spouse,False,19.0,6.0,13.0,49.5,2796.01,33552.09,6260.06,4969.59,4051.5
218,NU,B08-PostSurgical-Spouse,4,4,intact,walker,post_surgical,with_spouse,False,22.0,6.0,16.0,49.5,3441.24,41294.88,7192.06,5901.6,4806.42
219,NU,B09-ChronicMixed-Spouse,4,3,mild,walker,chronic_mixed,with_spouse,False,21.0,6.0,15.0,49.5,3226.16,38713.95,6911.81,5621.34,4579.41
220,NU,B10-EarlyStroke-Spouse,4,2,mild,walker,stroke,with_spouse,False,23.0,6.0,17.0,49.5,3656.32,43875.81,7941.57,6651.11,5413.52
221,NU,C11-ModerateDementia-Spouse,3,2,moderate,walker,dementia,with_spouse,False,31.0,14.0,17.0,49.5,3656.32,43875.81,9219.0,6207.92,5054.54
222,NU,C12-ModerateDementia-Child,3,2,moderate,walker,dementia,with_adult_child,False,31.0,14.0,17.0,49.5,3656.32,43875.81,9124.5,6113.41,4977.99
223,NU,C13-ParkinsonsAdvancing,3,2,mild,wheelchair,parkinson,with_spouse,False,30.0,14.0,16.0,49.5,3441.24,41294.88,9114.72,6103.64,4970.07
224,NU,C14-StrokeRecovery,3,2,moderate,wheelchair,stroke,with_spouse,False,38.0,14.0,24.0,49.5,5161.86,61942.32,11167.74,8156.65,6633.01
225,NU,C15-ModerateMultiDx-Alone,3,2,moderate,walker,chronic_mixed,alone,False,33.0,14.0,19.0,49.5,4086.47,49037.67,10154.26,7143.18,5812.1
226,NU,D16-SevereDementia-Spouse,2,1,severe,wheelchair,dementia,with_spouse,False,48.0,22.0,26.0,49.5,5592.01,67104.18,13364.13,8632.43,6843.53
227,NU,D17-SevereDementia-Multigen,2,1,severe,wheelchair,dementia,multigen,False,48.0,22.0,26.0,49.5,5592.01,67104.18,13175.13,8443.42,6690.43
228,NU,D18-DenseStroke,2,1,severe,bedbound,stroke,with_spouse,False,59.0,22.0,37.0,49.5,7957.87,95494.41,16173.18,11441.47,9118.85
229,NU,D19-EndStageParkinsons,2,1,severe,wheelchair,parkinson,with_adult_child,False,49.0,22.0,27.0,49.5,5807.09,69685.11,13595.5,8863.8,7030.94
230,NU,D20-CompoundComplex,2,1,moderate,bedbound,chronic_mixed,with_adult_child,False,50.0,22.0,28.0,49.5,6022.17,72266.04,13810.58,9078.88,7380.02
231,NU,E21-BedboundSevere-Spouse,1,0,severe,bedbound,dementia,with_spouse,False,62.0,30.0,32.0,49.5,6882.48,82589.76,16753.23,10300.91,8194.99
232,NU,E22-BedboundSevere-Alone,1,0,severe,bedbound,chronic_mixed,alone,False,64.0,30.0,34.0,49.5,7312.63,87751.62,17688.49,11236.17,8952.56
233,NU,E23-TerminalCare,0,0,severe,bedbound,chronic_mixed,with_spouse,False,71.0,30.0,41.0,49.5,8818.18,105818.13,18910.53,12458.2,9942.4
234,NU,E24-FullSupport-Multigen,0,0,severe,bedbound,stroke,multigen,False,73.0,30.0,43.0,49.5,9248.33,110979.99,19373.27,12920.94,10317.22
235,NU,F25-VeteranFrailty-Alone,4,3,mild,walker,frailty,alone,True,19.0,6.0,13.0,49.5,2796.01,33552.09,6543.57,5253.1,3248.14
236,NU,F26-VeteranDementia-Spouse,3,2,moderate,walker,dementia,with_spouse,True,31.0,14.0,17.0,49.5,3656.32,43875.81,9219.0,6207.92,4021.54
237,NU,F27-VeteranStroke,2,1,moderate,wheelchair,stroke,with_spouse,True,45.0,22.0,23.0,49.5,4946.78,59361.39,13051.29,8319.59,5731.99
238,NU,G28-DiabetesHypertension,4,4,intact,cane,chronic_mixed,with_spouse,False,16.5,6.0,10.5,49.5,2258.31,27099.76,5565.94,4275.48,3489.26
239,NU,G29-MSProgressive,3,2,mild,wheelchair,mobility_only,with_spouse,False,29.0,14.0,15.0,49.5,3226.16,38713.95,8788.85,5777.76,4706.11
240,NU,G30-PostFallRecovery,4,3,intact,walker,post_surgical,alone,False,22.0,6.0,16.0,49.5,3441.24,41294.88,7853.59,6563.12,5342.25
241,ON,A01-MildFrailty-Alone,5,5,intact,cane,frailty,alone,False,7.5,0.0,7.5,35.0,1140.56,13686.75,2274.61,2274.61,1846.12
242,ON,A02-MildFrailty-Spouse,5,5,intact,cane,frailty,with_spouse,False,7.5,0.0,7.5,35.0,1140.56,13686.75,2085.6,2085.6,1695.01
243,ON,A03-MildCognitive-Alone,5,4,mild,cane,dementia,alone,False,10.5,0.0,10.5,35.0,1596.79,19161.45,2982.84,2982.84,2412.35
244,ON,A04-MildCognitive-Spouse,5,4,mild,cane,dementia,with_spouse,False,10.5,0.0,10.5,35.0,1596.79,19161.45,2793.84,2793.84,2261.24
245,ON,A05-ParkinsonsEarly-Spouse,4,4,intact,cane,parkinson,with_spouse,False,15.5,14.0,1.5,35.0,228.11,2737.35,3619.38,1490.34,1219.09
246,ON,B06-ModerateFrailty-Alone,4,3,mild,walker,frailty,alone,False,19.0,14.0,5.0,35.0,760.38,9124.5,4527.49,2398.44,1945.12
247,ON,B07-ModerateFrailty-Spouse,4,3,mild,walker,frailty,with_spouse,False,19.0,14.0,5.0,35.0,760.38,9124.5,4338.48,2209.43,1794.01
248,ON,B08-PostSurgical-Spouse,4,4,intact,walker,post_surgical,with_spouse,False,22.0,14.0,8.0,35.0,1216.6,14599.2,4933.75,2804.7,2269.92
249,ON,B09-ChronicMixed-Spouse,4,3,mild,walker,chronic_mixed,with_spouse,False,21.0,14.0,7.0,35.0,1064.52,12774.3,4772.98,2643.93,2141.39
250,ON,B10-EarlyStroke-Spouse,4,2,mild,walker,stroke,with_spouse,False,23.0,14.0,9.0,35.0,1368.67,16424.1,5459.49,3330.44,2690.26
251,ON,C11-ModerateDementia-Spouse,3,2,moderate,walker,dementia,with_spouse,False,31.0,16.3,14.7,35.0,2235.5,26826.03,6415.39,3936.57,3174.86
252,ON,C12-ModerateDementia-Child,3,2,moderate,walker,dementia,with_adult_child,False,31.0,16.3,14.7,35.0,2235.5,26826.03,6352.39,3873.57,3124.49
253,ON,C13-ParkinsonsAdvancing,3,2,mild,wheelchair,parkinson,with_spouse,False,30.0,16.3,13.7,35.0,2083.43,25001.13,6328.49,3849.67,3105.38
254,ON,C14-StrokeRecovery,3,2,moderate,wheelchair,stroke,with_spouse,False,38.0,16.3,21.7,35.0,3300.03,39600.33,7740.62,5261.8,4234.37
255,ON,C15-ModerateMultiDx-Alone,3,2,moderate,walker,chronic_mixed,alone,False,33.0,16.3,16.7,35.0,2539.65,30475.83,7038.9,4560.08,3673.35
256,ON,D16-SevereDementia-Spouse,2,1,severe,wheelchair,dementia,with_spouse,False,48.0,18.7,29.3,35.0,4455.8,53469.57,9317.85,6474.05,5037.04
257,ON,D17-SevereDementia-Multigen,2,1,severe,wheelchair,dementia,multigen,False,48.0,18.7,29.3,35.0,4455.8,53469.57,9191.85,6348.05,4936.3
258,ON,D18-DenseStroke,2,1,severe,bedbound,stroke,with_spouse,False,59.0,18.7,40.3,35.0,6128.62,73543.47,11251.38,8407.57,6582.89
259,ON,D19-EndStageParkinsons,2,1,severe,wheelchair,parkinson,with_adult_child,False,49.0,18.7,30.3,35.0,4607.87,55294.47,9472.1,6628.3,5160.36
260,ON,D20-CompoundComplex,2,1,moderate,bedbound,chronic_mixed,with_adult_child,False,50.0,18.7,31.3,35.0,4759.95,57119.37,9624.17,6780.37,5448.48
261,ON,E21-BedboundSevere-Spouse,1,0,severe,bedbound,dementia,with_spouse,False,62.0,21.0,41.0,35.0,6235.07,74820.9,11698.91,8505.34,6661.05
262,ON,E22-BedboundSevere-Alone,1,0,severe,bedbound,chronic_mixed,alone,False,64.0,21.0,43.0,35.0,6539.22,78470.7,12322.42,9128.85,7159.55
263,ON,E23-TerminalCare,0,0,severe,bedbound,chronic_mixed,with_spouse,False,71.0,21.0,50.0,35.0,7603.75,91245.0,13197.94,10004.36,7859.52
264,ON,E24-FullSupport-Multigen,0,0,severe,bedbound,stroke,multigen,False,73.0,21.0,52.0,35.0,7907.9,94894.8,13506.43,10312.86,8106.16
265,ON,F25-VeteranFrailty-Alone,4,3,mild,walker,frailty,alone,True,19.0,14.0,5.0,35.0,760.38,9124.5,4527.49,2398.44,912.12
266,ON,F26-VeteranDementia-Spouse,3,2,moderate,walker,dementia,with_spouse,True,31.0,16.3,14.7,35.0,2235.5,26826.03,6415.39,3936.57,2141.86
267,ON,F27-VeteranStroke,2,1,moderate,wheelchair,stroke,with_spouse,True,45.0,18.7,26.3,35.0,3999.57,47994.87,9057.15,6213.35,3962.14
268,ON,G28-DiabetesHypertension,4,4,intact,cane,chronic_mixed,with_spouse,False,16.5,14.0,2.5,35.0,380.19,4562.25,3836.63,1707.59,1392.78
269,ON,G29-MSProgressive,3,2,mild,wheelchair,mobility_only,with_spouse,False,29.0,16.3,12.7,35.0,1931.35,23176.23,6111.24,3632.42,2931.69
270,ON,G30-PostFallRecovery,4,3,intact,walker,post_surgical,alone,False,22.0,14.0,8.0,35.0,1216.6,14599.2,5374.76,3245.71,2622.52
271,PE,A01-MildFrailty-Alone,5,5,intact,cane,frailty,alone,False,7.5,0.0,7.5,27.72,903.33,10839.91,1855.92,1855.92,1429.75
272,PE,A02-MildFrailty-Spouse,5,5,intact,cane,frailty,with_spouse,False,7.5,0.0,7.5,27.72,903.33,10839.91,1697.16,1697.16,1310.36
273,PE,A03-MildCognitive-Alone,5,4,mild,cane,dementia,alone,False,10.5,0.0,10.5,27.72,1264.66,15175.87,2428.94,2428.94,1860.66
274,PE,A04-MildCognitive-Spouse,5,4,mild,cane,dementia,with_spouse,False,10.5,0.0,10.5,27.72,1264.66,15175.87,2270.18,2270.18,1741.27
275,PE,A05-ParkinsonsEarly-Spouse,4,4,intact,cane,parkinson,with_spouse,False,15.5,8.0,7.5,27.72,903.33,10839.91,2934.44,1970.89,1516.21
276,PE,B06-ModerateFrailty-Alone,4,3,mild,walker,frailty,alone,False,19.0,8.0,11.0,27.72,1324.88,15898.53,3664.4,2700.85,2065.14
277,PE,B07-ModerateFrailty-Spouse,4,3,mild,walker,frailty,with_spouse,False,19.0,8.0,11.0,27.72,1324.88,15898.53,3505.63,2542.09,1945.75
278,PE,B08-PostSurgical-Spouse,4,4,intact,walker,post_surgical,with_spouse,False,22.0,8.0,14.0,27.72,1686.21,20234.49,4027.55,3064.01,2338.23
279,PE,B09-ChronicMixed-Spouse,4,3,mild,walker,chronic_mixed,with_spouse,False,21.0,8.0,13.0,27.72,1565.76,18789.17,3870.61,2907.07,2220.21
280,PE,B10-EarlyStroke-Spouse,4,2,mild,walker,stroke,with_spouse,False,23.0,8.0,15.0,27.72,1806.65,21679.81,4447.28,3483.73,2653.87
281,PE,C11-ModerateDementia-Spouse,3,2,moderate,walker,dementia,with_spouse,False,31.0,15.3,15.7,27.72,1890.96,22691.54,5162.64,3319.86,2530.63
282,PE,C12-ModerateDementia-Child,3,2,moderate,walker,dementia,with_adult_child,False,31.0,15.3,15.7,27.72,1890.96,22691.54,5109.72,3266.94,2490.84
283,PE,C13-ParkinsonsAdvancing,3,2,mild,wheelchair,parkinson,with_spouse,False,30.0,15.3,14.7,27.72,1770.52,21246.22,5104.25,3261.46,2486.72
284,PE,C14-StrokeRecovery,3,2,moderate,wheelchair,stroke,with_spouse,False,38.0,15.3,22.7,27.72,2734.07,32808.78,6253.93,4411.15,3351.28
285,PE,C15-ModerateMultiDx-Alone,3,2,moderate,walker,chronic_mixed,alone,False,33.0,15.3,17.7,27.72,2131.85,25582.18,5686.39,3843.6,2924.49
286,PE,D16-SevereDementia-Spouse,2,1,severe,wheelchair,dementia,with_spouse,False,48.0,22.7,25.3,27.72,3047.22,36566.62,7483.91,4749.85,3426.32
287,PE,D17-SevereDementia-Multigen,2,1,severe,wheelchair,dementia,multigen,False,48.0,22.7,25.3,27.72,3047.22,36566.62,7378.07,4644.01,3346.72
288,PE,D18-DenseStroke,2,1,severe,bedbound,stroke,with_spouse,False,59.0,22.7,36.3,27.72,4372.1,52465.15,9056.98,6322.91,4609.26
289,PE,D19-EndStageParkinsons,2,1,severe,wheelchair,parkinson,with_adult_child,False,49.0,22.7,26.3,27.72,3167.66,38011.94,7613.48,4879.42,3523.75
290,PE,D20-CompoundComplex,2,1,moderate,bedbound,chronic_mixed,with_adult_child,False,50.0,22.7,27.3,27.72,3288.1,39457.26,7733.93,4999.86,3794.0
291,PE,E21-BedboundSevere-Spouse,1,0,severe,bedbound,dementia,with_spouse,False,62.0,30.0,32.0,27.72,3854.19,46250.27,9381.81,5768.51,4192.35
292,PE,E22-BedboundSevere-Alone,1,0,severe,bedbound,chronic_mixed,alone,False,64.0,30.0,34.0,27.72,4095.08,49140.91,9905.56,6292.26,4586.21
293,PE,E23-TerminalCare,0,0,severe,bedbound,chronic_mixed,with_spouse,False,71.0,30.0,41.0,27.72,4938.18,59258.15,10589.89,6976.59,5100.83
294,PE,E24-FullSupport-Multigen,0,0,severe,bedbound,stroke,multigen,False,73.0,30.0,43.0,27.72,5179.07,62148.79,10849.03,7235.73,5295.7
295,PE,F25-VeteranFrailty-Alone,4,3,mild,walker,frailty,alone,True,19.0,8.0,11.0,27.72,1324.88,15898.53,3664.4,2700.85,1032.14
296,PE,F26-VeteranDementia-Spouse,3,2,moderate,walker,dementia,with_spouse,True,31.0,15.3,15.7,27.72,1890.96,22691.54,5162.64,3319.86,1497.63
297,PE,F27-VeteranStroke,2,1,moderate,wheelchair,stroke,with_spouse,True,45.0,22.7,22.3,27.72,2685.89,32230.65,7308.72,4574.66,2441.24
298,PE,G28-DiabetesHypertension,4,4,intact,cane,chronic_mixed,with_spouse,False,16.5,8.0,8.5,27.72,1023.77,12285.23,3116.93,2153.38,1653.44
299,PE,G29-MSProgressive,3,2,mild,wheelchair,mobility_only,with_spouse,False,29.0,15.3,13.7,27.72,1650.07,19800.89,4921.76,3078.97,2349.49
300,PE,G30-PostFallRecovery,4,3,intact,walker,post_surgical,alone,False,22.0,8.0,14.0,27.72,1686.21,20234.49,4398.01,3434.46,2616.82
301,QC,A01-MildFrailty-Alone,5,5,intact,cane,frailty,alone,False,7.5,0.0,7.5,32.2,1049.32,12591.81,2092.64,2092.64,1525.65
302,QC,A02-MildFrailty-Spouse,5,5,intact,cane,frailty,with_spouse,False,7.5,0.0,7.5,32.2,1049.32,12591.81,1918.75,1918.75,1402.19
303,QC,A03-MildCognitive-Alone,5,4,mild,cane,dementia,alone,False,10.5,0.0,10.5,32.2,1469.04,17628.53,2744.22,2744.22,1988.27
304,QC,A04-MildCognitive-Spouse,5,4,mild,cane,dementia,with_spouse,False,10.5,0.0,10.5,32.2,1469.04,17628.53,2570.33,2570.33,1864.81
305,QC,A05-ParkinsonsEarly-Spouse,4,4,intact,cane,parkinson,with_spouse,False,15.5,14.5,1.0,32.2,139.91,1678.91,3329.83,1301.15,963.69
306,QC,B06-ModerateFrailty-Alone,4,3,mild,walker,frailty,alone,False,19.0,19.0,0.0,32.2,0.0,0.0,4165.29,1507.02,1109.86
307,QC,B07-ModerateFrailty-Spouse,4,3,mild,walker,frailty,with_spouse,False,19.0,19.0,0.0,32.2,0.0,0.0,3991.4,1333.13,986.4
308,QC,B08-PostSurgical-Spouse,4,4,intact,walker,post_surgical,with_spouse,False,22.0,16.0,6.0,32.2,839.45,10073.45,4539.05,2300.5,1673.23
309,QC,B09-ChronicMixed-Spouse,4,3,mild,walker,chronic_mixed,with_spouse,False,21.0,19.0,2.0,32.2,279.82,3357.82,4391.14,1732.87,1270.21
310,QC,B10-EarlyStroke-Spouse,4,2,mild,walker,stroke,with_spouse,False,23.0,19.0,4.0,32.2,559.64,6715.63,5022.73,2364.46,1718.64
311,QC,C11-ModerateDementia-Spouse,3,2,moderate,walker,dementia,with_spouse,False,31.0,31.0,0.0,32.2,0.0,0.0,5902.16,1564.98,1151.01
312,QC,C12-ModerateDementia-Child,3,2,moderate,walker,dementia,with_adult_child,False,31.0,31.0,0.0,32.2,0.0,0.0,5844.2,1507.02,1109.86
313,QC,C13-ParkinsonsAdvancing,3,2,mild,wheelchair,parkinson,with_spouse,False,30.0,29.0,1.0,32.2,139.91,1678.91,5822.21,1764.85,1292.92
314,QC,C14-StrokeRecovery,3,2,moderate,wheelchair,stroke,with_spouse,False,38.0,33.3,4.7,32.2,657.57,7890.87,7121.37,2462.4,1788.18
315,QC,C15-ModerateMultiDx-Alone,3,2,moderate,walker,chronic_mixed,alone,False,33.0,31.0,2.0,32.2,279.82,3357.82,6475.79,2138.61,1558.29
316,QC,D16-SevereDementia-Spouse,2,1,severe,wheelchair,dementia,with_spouse,False,48.0,46.7,1.3,32.2,181.88,2182.58,8572.42,2038.67,1323.17
317,QC,D17-SevereDementia-Multigen,2,1,severe,wheelchair,dementia,multigen,False,48.0,46.7,1.3,32.2,181.88,2182.58,8456.5,1922.75,1240.86
318,QC,D18-DenseStroke,2,1,severe,bedbound,stroke,with_spouse,False,59.0,46.7,12.3,32.2,1720.88,20650.57,10351.27,3817.52,2586.15
319,QC,D19-EndStageParkinsons,2,1,severe,wheelchair,parkinson,with_adult_child,False,49.0,46.7,2.3,32.2,321.79,3861.49,8714.33,2180.58,1423.93
320,QC,D20-CompoundComplex,2,1,moderate,bedbound,chronic_mixed,with_adult_child,False,50.0,46.7,3.3,32.2,461.7,5540.4,8854.24,2320.49,1687.42
321,QC,E21-BedboundSevere-Spouse,1,0,severe,bedbound,dementia,with_spouse,False,62.0,60.0,2.0,32.2,279.82,3357.82,10763.0,2368.46,1557.32
322,QC,E22-BedboundSevere-Alone,1,0,severe,bedbound,chronic_mixed,alone,False,64.0,60.0,4.0,32.2,559.64,6715.63,11336.63,2942.09,1964.59
323,QC,E23-TerminalCare,0,0,severe,bedbound,chronic_mixed,with_spouse,False,71.0,60.0,11.0,32.2,1539.0,18467.99,12142.1,3747.56,2536.48
324,QC,E24-FullSupport-Multigen,0,0,severe,bedbound,stroke,multigen,False,73.0,60.0,13.0,32.2,1818.82,21825.8,12425.92,4031.38,2737.99
325,QC,F25-VeteranFrailty-Alone,4,3,mild,walker,frailty,alone,True,19.0,19.0,0.0,32.2,0.0,0.0,4165.29,1507.02,76.86
326,QC,F26-VeteranDementia-Spouse,3,2,moderate,walker,dementia,with_spouse,True,31.0,31.0,0.0,32.2,0.0,0.0,5902.16,1564.98,118.01
327,QC,F27-VeteranStroke,2,1,moderate,wheelchair,stroke,with_spouse,True,45.0,41.0,4.0,32.2,559.64,6715.63,8332.58,2596.31,850.26
328,QC,G28-DiabetesHypertension,4,4,intact,cane,chronic_mixed,with_spouse,False,16.5,14.5,2.0,32.2,279.82,3357.82,3529.7,1501.02,1105.6
329,QC,G29-MSProgressive,3,2,mild,wheelchair,mobility_only,with_spouse,False,29.0,29.0,0.0,32.2,0.0,0.0,5622.34,1564.98,1151.01
330,QC,G30-PostFallRecovery,4,3,intact,walker,post_surgical,alone,False,22.0,16.0,6.0,32.2,839.45,10073.45,4944.78,2706.24,1961.31
331,SK,A01-MildFrailty-Alone,5,5,intact,cane,frailty,alone,False,7.5,0.0,7.5,32.2,1049.32,12591.81,2092.64,2092.64,1594.08
332,SK,A02-MildFrailty-Spouse,5,5,intact,cane,frailty,with_spouse,False,7.5,0.0,7.5,32.2,1049.32,12591.81,1918.75,1918.75,1464.53
333,SK,A03-MildCognitive-Alone,5,4,mild,cane,dementia,alone,False,10.5,0.0,10.5,32.2,1469.04,17628.53,2744.22,2744.22,2079.5
334,SK,A04-MildCognitive-Spouse,5,4,mild,cane,dementia,with_spouse,False,10.5,0.0,10.5,32.2,1469.04,17628.53,2570.33,2570.33,1949.96
335,SK,A05-ParkinsonsEarly-Spouse,4,4,intact,cane,parkinson,with_spouse,False,15.5,10.0,5.5,32.2,769.5,9233.99,3329.83,1930.74,1473.47
336,SK,B06-ModerateFrailty-Alone,4,3,mild,walker,frailty,alone,False,19.0,10.0,9.0,32.2,1259.18,15110.17,4165.29,2766.2,2095.88
337,SK,B07-ModerateFrailty-Spouse,4,3,mild,walker,frailty,with_spouse,False,19.0,10.0,9.0,32.2,1259.18,15110.17,3991.4,2592.31,1966.34
338,SK,B08-PostSurgical-Spouse,4,4,intact,walker,post_surgical,with_spouse,False,22.0,10.0,12.0,32.2,1678.91,20146.9,4539.05,3139.96,2374.33
339,SK,B09-ChronicMixed-Spouse,4,3,mild,walker,chronic_mixed,with_spouse,False,21.0,10.0,11.0,32.2,1539.0,18467.99,4391.14,2992.05,2264.14
340,SK,B10-EarlyStroke-Spouse,4,2,mild,walker,stroke,with_spouse,False,23.0,10.0,13.0,32.2,1818.82,21825.8,5022.73,3623.64,2734.68
341,SK,C11-ModerateDementia-Spouse,3,2,moderate,walker,dementia,with_spouse,False,31.0,18.3,12.7,32.2,1776.84,21322.13,5902.16,3341.83,2524.72
342,SK,C12-ModerateDementia-Child,3,2,moderate,walker,dementia,with_adult_child,False,31.0,18.3,12.7,32.2,1776.84,21322.13,5844.2,3283.86,2481.54
343,SK,C13-ParkinsonsAdvancing,3,2,mild,wheelchair,parkinson,with_spouse,False,30.0,18.3,11.7,32.2,1636.94,19643.22,5822.21,3261.88,2465.16
344,SK,C14-StrokeRecovery,3,2,moderate,wheelchair,stroke,with_spouse,False,38.0,18.3,19.7,32.2,2756.21,33074.49,7121.37,4561.03,3433.03
345,SK,C15-ModerateMultiDx-Alone,3,2,moderate,walker,chronic_mixed,alone,False,33.0,18.3,14.7,32.2,2056.66,24679.95,6475.79,3915.45,2952.07
346,SK,D16-SevereDementia-Spouse,2,1,severe,wheelchair,dementia,with_spouse,False,48.0,26.7,21.3,32.2,2980.06,35760.74,8572.42,4836.85,3424.07
347,SK,D17-SevereDementia-Multigen,2,1,severe,wheelchair,dementia,multigen,False,48.0,26.7,21.3,32.2,2980.06,35760.74,8456.5,4720.93,3337.71
348,SK,D18-DenseStroke,2,1,severe,bedbound,stroke,with_spouse,False,59.0,26.7,32.3,32.2,4519.06,54228.73,10351.27,6615.7,4749.31
349,SK,D19-EndStageParkinsons,2,1,severe,wheelchair,parkinson,with_adult_child,False,49.0,26.7,22.3,32.2,3119.97,37439.65,8714.33,4978.76,3529.8
350,SK,D20-CompoundComplex,2,1,moderate,bedbound,chronic_mixed,with_adult_child,False,50.0,26.7,23.3,32.2,3259.88,39118.56,8854.24,5118.67,3848.47
351,SK,E21-BedboundSevere-Spouse,1,0,severe,bedbound,dementia,with_spouse,False,62.0,35.0,27.0,32.2,3777.54,45330.52,10763.0,5866.18,4190.93
352,SK,E22-BedboundSevere-Alone,1,0,severe,bedbound,chronic_mixed,alone,False,64.0,35.0,29.0,32.2,4057.36,48688.33,11336.63,6439.81,4618.28
353,SK,E23-TerminalCare,0,0,severe,bedbound,chronic_mixed,with_spouse,False,71.0,35.0,36.0,32.2,5036.72,60440.69,12142.1,7245.29,5218.36
354,SK,E24-FullSupport-Multigen,0,0,severe,bedbound,stroke,multigen,False,73.0,35.0,38.0,32.2,5316.54,63798.5,12425.92,7529.1,5429.8
355,SK,F25-VeteranFrailty-Alone,4,3,mild,walker,frailty,alone,True,19.0,10.0,9.0,32.2,1259.18,15110.17,4165.29,2766.2,1062.88
356,SK,F26-VeteranDementia-Spouse,3,2,moderate,walker,dementia,with_spouse,True,31.0,18.3,12.7,32.2,1776.84,21322.13,5902.16,3341.83,1491.72
357,SK,F27-VeteranStroke,2,1,moderate,wheelchair,stroke,with_spouse,True,45.0,26.7,18.3,32.2,2560.33,30724.02,8332.58,4597.01,2426.84
358,SK,G28-DiabetesHypertension,4,4,intact,cane,chronic_mixed,with_spouse,False,16.5,10.0,6.5,32.2,909.41,10912.9,3529.7,2130.61,1622.37
359,SK,G29-MSProgressive,3,2,mild,wheelchair,mobility_only,with_spouse,False,29.0,18.3,10.7,32.2,1497.03,17964.32,5622.34,3062.01,2316.26
360,SK,G30-PostFallRecovery,4,3,intact,walker,post_surgical,alone,False,22.0,10.0,12.0,32.2,1678.91,20146.9,4944.78,3545.69,2676.6
361,YT,A01-MildFrailty-Alone,5,5,intact,cane,frailty,alone,False,7.5,0.0,7.5,40.26,1311.97,15743.67,2695.51,2695.51,2148.09
362,YT,A02-MildFrailty-Spouse,5,5,intact,cane,frailty,with_spouse,False,7.5,0.0,7.5,40.26,1311.97,15743.67,2464.92,2464.92,1966.85
363,YT,A03-MildCognitive-Alone,5,4,mild,cane,dementia,alone,False,10.5,0.0,10.5,40.26,1836.76,22041.14,3527.75,3527.75,2802.24
364,YT,A04-MildCognitive-Spouse,5,4,mild,cane,dementia,with_spouse,False,10.5,0.0,10.5,40.26,1836.76,22041.14,3297.16,3297.16,2620.99
365,YT,A05-ParkinsonsEarly-Spouse,4,4,intact,cane,parkinson,with_spouse,False,15.5,10.0,5.5,40.26,962.11,11545.36,4261.92,2512.63,2004.35
366,YT,B06-ModerateFrailty-Alone,4,3,mild,walker,frailty,alone,False,19.0,10.0,9.0,40.26,1574.37,18892.41,5322.1,3572.81,2837.65
367,YT,B07-ModerateFrailty-Spouse,4,3,mild,walker,frailty,with_spouse,False,19.0,10.0,9.0,40.26,1574.37,18892.41,5091.51,3342.22,2656.41
368,YT,B08-PostSurgical-Spouse,4,4,intact,walker,post_surgical,with_spouse,False,22.0,10.0,12.0,40.26,2099.16,25189.88,5849.54,4100.25,3252.22
369,YT,B09-ChronicMixed-Spouse,4,3,mild,walker,chronic_mixed,with_spouse,False,21.0,10.0,11.0,40.26,1924.23,23090.72,5621.6,3872.31,3073.06
370,YT,B10-EarlyStroke-Spouse,4,2,mild,walker,stroke,with_spouse,False,23.0,10.0,13.0,40.26,2274.09,27289.03,6459.15,4709.85,3731.37
371,YT,C11-ModerateDementia-Spouse,3,2,moderate,walker,dementia,with_spouse,False,31.0,13.3,17.7,40.26,3096.26,37155.07,7498.12,5171.56,4094.27
372,YT,C12-ModerateDementia-Child,3,2,moderate,walker,dementia,with_adult_child,False,31.0,13.3,17.7,40.26,3096.26,37155.07,7421.26,5094.69,4033.85
373,YT,C13-ParkinsonsAdvancing,3,2,mild,wheelchair,parkinson,with_spouse,False,30.0,13.3,16.7,40.26,2921.33,35055.91,7413.31,5086.74,4027.61
374,YT,C14-StrokeRecovery,3,2,moderate,wheelchair,stroke,with_spouse,False,38.0,13.3,24.7,40.26,4320.76,51849.16,9083.09,6756.53,5340.06
375,YT,C15-ModerateMultiDx-Alone,3,2,moderate,walker,chronic_mixed,alone,False,33.0,13.3,19.7,40.26,3446.12,41353.38,8258.8,5932.24,4692.16
376,YT,D16-SevereDementia-Spouse,2,1,severe,wheelchair,dementia,with_spouse,False,48.0,16.7,31.3,40.26,5475.3,65703.6,10869.5,7948.17,6100.64
377,YT,D17-SevereDementia-Multigen,2,1,severe,wheelchair,dementia,multigen,False,48.0,16.7,31.3,40.26,5475.3,65703.6,10715.77,7794.44,5979.81
378,YT,D18-DenseStroke,2,1,severe,bedbound,stroke,with_spouse,False,59.0,16.7,42.3,40.26,7399.53,88794.32,13154.18,10232.86,7896.4
379,YT,D19-EndStageParkinsons,2,1,severe,wheelchair,parkinson,with_adult_child,False,49.0,16.7,32.3,40.26,5650.23,67802.75,11057.68,8136.35,6248.55
380,YT,D20-CompoundComplex,2,1,moderate,bedbound,chronic_mixed,with_adult_child,False,50.0,16.7,33.3,40.26,5825.16,69901.91,11232.61,8311.28,6562.09
381,YT,E21-BedboundSevere-Spouse,1,0,severe,bedbound,dementia,with_spouse,False,62.0,20.0,42.0,40.26,7347.05,88164.57,13625.96,10127.37,7813.49
382,YT,E22-BedboundSevere-Alone,1,0,severe,bedbound,chronic_mixed,alone,False,64.0,20.0,44.0,40.26,7696.91,92362.88,14386.64,10888.05,8411.38
383,YT,E23-TerminalCare,0,0,severe,bedbound,chronic_mixed,with_spouse,False,71.0,20.0,51.0,40.26,8921.41,107056.98,15380.56,11881.97,9192.6
384,YT,E24-FullSupport-Multigen,0,0,severe,bedbound,stroke,multigen,False,73.0,20.0,53.0,40.26,9271.27,111255.29,15756.93,12258.33,9488.42
385,YT,F25-VeteranFrailty-Alone,4,3,mild,walker,frailty,alone,True,19.0,10.0,9.0,40.26,1574.37,18892.41,5322.1,3572.81,1804.65
386,YT,F26-VeteranDementia-Spouse,3,2,moderate,walker,dementia,with_spouse,True,31.0,13.3,17.7,40.26,3096.26,37155.07,7498.12,5171.56,3061.27
387,YT,F27-VeteranStroke,2,1,moderate,wheelchair,stroke,with_spouse,True,45.0,16.7,28.3,40.26,4950.51,59406.13,10615.05,7693.73,5043.69
388,YT,G28-DiabetesHypertension,4,4,intact,cane,chronic_mixed,with_spouse,False,16.5,10.0,6.5,40.26,1137.04,13644.52,4526.97,2777.67,2212.67
389,YT,G29-MSProgressive,3,2,mild,wheelchair,mobility_only,with_spouse,False,29.0,13.3,15.7,40.26,2746.4,32956.76,7148.26,4821.7,3819.28
390,YT,G30-PostFallRecovery,4,3,intact,walker,post_surgical,alone,False,22.0,10.0,12.0,40.26,2099.16,25189.88,6387.58,4638.29,3675.12
